Timestamp,Cobalt,Nickel,NH3,DayOfWeek,Hour
2025-01-01 00:00:00,0.09879329720514281,0.17589660838354101,0.05824952192990344,2,0
2025-01-01 00:01:00,0.0,0.0,0.012702453765391917,2,0
2025-01-01 00:02:00,0.06418252139549666,0.0,0.0,2,0
2025-01-01 00:03:00,0.02399624583114355,0.030010562494026345,0.10965730114516939,2,0
2025-01-01 00:04:00,0.0,0.060658492069343435,0.0,2,0
2025-01-01 00:05:00,0.0,0.04544908663860226,0.11323317846292494,2,0
2025-01-01 00:06:00,0.0,0.0,0.0,2,0
2025-01-01 00:07:00,0.20681692930597836,0.0,0.09516906832475266,2,0
2025-01-01 00:08:00,0.061996519114516306,0.0,0.022137490448569865,2,0
2025-01-01 00:09:00,0.0,0.0,0.09747860486858488,2,0
2025-01-01 00:10:00,0.2004592093297377,0.00498316904585271,0.03252679325888752,2,0
2025-01-01 00:11:00,0.0,0.0,0.0,2,0
2025-01-01 00:12:00,0.0,0.06744852953488518,0.0,2,0
2025-01-01 00:13:00,0.0022486381139766518,0.0,0.06530164468011782,2,0
2025-01-01 00:14:00,0.026341002565706883,0.13226928003390975,0.0,2,0
2025-01-01 00:15:00,0.09596499980823704,0.0,0.19055530189049608,2,0
2025-01-01 00:16:00,0.0,0.10228143487037691,0.027354524654033204,2,0
2025-01-01 00:17:00,0.027875522072375786,0.14263275348980398,0.023288870981868246,2,0
2025-01-01 00:18:00,0.0,0.0,0.0,2,0
2025-01-01 00:19:00,0.04247520996639345,0.0,0.0,2,0
2025-01-01 00:20:00,0.0,0.08858368197992955,0.08617462095448634,2,0
2025-01-01 00:21:00,0.0,0.06903420520712819,0.11475425526988531,2,0
2025-01-01 00:22:00,0.013014764232226934,0.046121378661216975,0.11151240339482699,2,0
2025-01-01 00:23:00,0.4876039564376906,0.012511542031468455,0.5299944847136727,2,0
2025-01-01 00:24:00,0.6570355560496338,0.07662414025921069,0.20834494789057068,2,0
2025-01-01 00:25:00,0.6074533284735679,0.0,0.45636050556168467,2,0
2025-01-01 00:26:00,0.3230507717181087,0.0,0.2536681576749715,2,0
2025-01-01 00:27:00,0.5113591804386902,0.13224460526302353,0.3618354148614348,2,0
2025-01-01 00:28:00,0.0,0.0,0.2470706075361091,2,0
2025-01-01 00:29:00,0.0,0.07123845981393036,0.5692937459383928,2,0
2025-01-01 00:30:00,0.0,0.0,0.48370623347813835,2,0
2025-01-01 00:31:00,0.23826603221097978,0.1886265962136407,0.25483225236566676,2,0
2025-01-01 00:32:00,0.017145370674804313,0.029268101200942587,0.04203090497245281,2,0
2025-01-01 00:33:00,0.0,0.5896959434348563,0.043883959048064546,2,0
2025-01-01 00:34:00,0.1003142542220004,0.64459397238331,0.0,2,0
2025-01-01 00:35:00,0.08332073178993125,0.3309374027507213,0.18262024327920487,2,0
2025-01-01 00:36:00,0.04654036602997043,0.42556313653770816,0.09252515811540617,2,0
2025-01-01 00:37:00,0.0,0.07911460758340931,0.08591806839216196,2,0
2025-01-01 00:38:00,0.0,0.03593749213850074,0.04555015959730277,2,0
2025-01-01 00:39:00,0.11417807747840128,0.0,0.0,2,0
2025-01-01 00:40:00,0.007289399221907397,0.0,0.0,2,0
2025-01-01 00:41:00,0.01582424459724614,0.0,0.0533850676214439,2,0
2025-01-01 00:42:00,0.09376058122312086,0.0,0.0,2,0
2025-01-01 00:43:00,0.05587698052439216,0.0,0.0,2,0
2025-01-01 00:44:00,0.08045818144773903,0.050591972928849156,0.0,2,0
2025-01-01 00:45:00,0.09265383633369424,0.0,0.0,2,0
2025-01-01 00:46:00,0.0,0.061692308457255624,0.015861017662063322,2,0
2025-01-01 00:47:00,0.0,0.0,0.0,2,0
2025-01-01 00:48:00,0.0,0.0,0.0,2,0
2025-01-01 00:49:00,0.0,0.02776608454958954,0.043205298592288464,2,0
2025-01-01 00:50:00,0.012074897464308818,0.03872466567690835,0.04328296322545642,2,0
2025-01-01 00:51:00,0.018999450129894853,0.12117169789136713,0.0,2,0
2025-01-01 00:52:00,0.1615508290940104,0.1047821513366406,0.014853293210107133,2,0
2025-01-01 00:53:00,0.05104962989215037,0.0,0.12190891572009864,2,0
2025-01-01 00:54:00,0.013958061802465227,0.0,0.0,2,0
2025-01-01 00:55:00,0.2800900497934281,0.06841206307305156,0.04783698526790504,2,0
2025-01-01 00:56:00,0.0,0.052791507592627726,0.0,2,0
2025-01-01 00:57:00,0.0,0.02171239273345302,0.0,2,0
2025-01-01 00:58:00,0.1989188933651679,0.0,0.0,2,0
2025-01-01 00:59:00,0.1969922781404639,0.0,0.15579483896820334,2,0
2025-01-01 01:00:00,0.0,0.0,0.004735726957325022,2,1
2025-01-01 01:01:00,0.0,0.08608023554010905,0.0,2,1
2025-01-01 01:02:00,0.0,0.0,0.0,2,1
2025-01-01 01:03:00,0.16280568889869676,0.0,0.010246798225598942,2,1
2025-01-01 01:04:00,0.012737086570916531,0.19151853741257777,0.0,2,1
2025-01-01 01:05:00,0.0938677139880301,0.0,0.02284631447724956,2,1
2025-01-01 01:06:00,0.02364264608138785,0.0,0.007726946871077257,2,1
2025-01-01 01:07:00,0.0,0.0,0.0797365801839834,2,1
2025-01-01 01:08:00,0.027078359414601474,0.0,0.0,2,1
2025-01-01 01:09:00,0.10751151215890861,0.004734024762649521,0.007826486858664819,2,1
2025-01-01 01:10:00,0.0,0.00800792519069255,0.34525619253917983,2,1
2025-01-01 01:11:00,0.10469808401047098,0.04516915452456288,0.4475806988104498,2,1
2025-01-01 01:12:00,0.03314915622619958,0.0,0.39817031937137887,2,1
2025-01-01 01:13:00,0.09900736763366126,0.12815740528153038,0.39305979852162526,2,1
2025-01-01 01:14:00,0.05731184342936442,0.0,0.4059754943249675,2,1
2025-01-01 01:15:00,0.0,0.0392383055383568,0.16931723475769514,2,1
2025-01-01 01:16:00,0.0,0.0295822293378892,0.07634942255443752,2,1
2025-01-01 01:17:00,0.0,0.0,0.2969090765483447,2,1
2025-01-01 01:18:00,0.0,0.06459939644046955,0.0,2,1
2025-01-01 01:19:00,0.04933794519241591,0.2519134917761651,0.0,2,1
2025-01-01 01:20:00,0.22002684243109646,0.12821797404437105,0.09624889185288224,2,1
2025-01-01 01:21:00,0.13230565552522394,0.0,0.0,2,1
2025-01-01 01:22:00,0.1467509822986446,0.02684995406914741,0.08362259354645665,2,1
2025-01-01 01:23:00,0.0,0.0,0.08217447908346392,2,1
2025-01-01 01:24:00,0.1486145474042299,0.0,0.039876160512827136,2,1
2025-01-01 01:25:00,0.18403239798198862,0.0,0.1285519750030574,2,1
2025-01-01 01:26:00,0.0,0.08687244400634743,0.15326980799396347,2,1
2025-01-01 01:27:00,0.06826535514774916,0.1022091283293216,0.004669203460661747,2,1
2025-01-01 01:28:00,0.6202374633957134,0.0,0.10995869774283126,2,1
2025-01-01 01:29:00,0.5507983000961908,0.0,0.0,2,1
2025-01-01 01:30:00,0.3152629586266471,0.0,0.0,2,1
2025-01-01 01:31:00,0.3480942656915551,0.1345832173375538,0.0,2,1
2025-01-01 01:32:00,0.5190182739240099,0.14484564582974824,0.03830481873216919,2,1
2025-01-01 01:33:00,0.2677707638539674,0.3743769599330134,0.12441894627726703,2,1
2025-01-01 01:34:00,0.06145789837867244,0.27212446016917347,0.02092852737334364,2,1
2025-01-01 01:35:00,0.0,0.43560433647332686,0.0,2,1
2025-01-01 01:36:00,0.4325357345277172,0.40113474008640776,0.0,2,1
2025-01-01 01:37:00,0.10842584130490657,0.17552184800396337,0.09627375590719663,2,1
2025-01-01 01:38:00,0.4478701216175789,0.38370036773845645,0.07341080508132154,2,1
2025-01-01 01:39:00,0.3821138008631211,0.07158447999644577,0.0,2,1
2025-01-01 01:40:00,0.2929641674202937,0.0,0.0,2,1
2025-01-01 01:41:00,0.5254477299162699,0.0,0.0,2,1
2025-01-01 01:42:00,0.41648326348203246,0.028828189308019937,0.0,2,1
2025-01-01 01:43:00,0.06693345591242889,0.0,0.1071401056194892,2,1
2025-01-01 01:44:00,0.20159076311326946,0.2057403251186852,0.0,2,1
2025-01-01 01:45:00,0.020247461625437654,0.04660540709129193,0.06806527628788099,2,1
2025-01-01 01:46:00,0.0,0.0,0.07663321886413862,2,1
2025-01-01 01:47:00,0.06668140432854422,0.09721145470411596,0.035311683296774095,2,1
2025-01-01 01:48:00,0.0,0.0704403700787081,0.03372728840684272,2,1
2025-01-01 01:49:00,0.11648244384910114,0.0,0.007445960574828793,2,1
2025-01-01 01:50:00,0.0,0.1832609888608659,0.0,2,1
2025-01-01 01:51:00,0.1007032359610785,0.4371450754275297,0.0,2,1
2025-01-01 01:52:00,0.0,0.24301430802985996,0.0,2,1
2025-01-01 01:53:00,0.05316074741680918,0.0,0.0,2,1
2025-01-01 01:54:00,0.10864062119958165,0.051529177602008695,0.054570512824047936,2,1
2025-01-01 01:55:00,0.0,0.014922908036137978,0.13897001751005372,2,1
2025-01-01 01:56:00,0.10605061195841427,0.0,0.11603341708724638,2,1
2025-01-01 01:57:00,0.0,0.18174227677983892,0.0,2,1
2025-01-01 01:58:00,0.1747796418457866,0.07999475990192162,0.0,2,1
2025-01-01 01:59:00,0.12386400226789447,0.2706216759678136,0.0,2,1
2025-01-01 02:00:00,0.016907419487387346,0.47480583905977786,0.004467563075246852,2,2
2025-01-01 02:01:00,0.14282397832688376,0.38501448676807837,0.0,2,2
2025-01-01 02:02:00,0.13102745868360158,0.29446786235446804,0.0,2,2
2025-01-01 02:03:00,0.025563854448843834,0.5713722016028715,0.0,2,2
2025-01-01 02:04:00,0.024522163966117488,0.22917909750821677,0.0,2,2
2025-01-01 02:05:00,0.0,0.06683712184047681,0.28633400543400983,2,2
2025-01-01 02:06:00,0.030736268142356714,0.208101386444133,0.11995078093949608,2,2
2025-01-01 02:07:00,0.0,0.11677963115112248,0.239579019943634,2,2
2025-01-01 02:08:00,0.09939232331912581,0.08851074662110947,0.21012530520905695,2,2
2025-01-01 02:09:00,0.10165893397596516,0.05647475427177164,0.046123688075393604,2,2
2025-01-01 02:10:00,0.0,0.27492349993730897,0.0,2,2
2025-01-01 02:11:00,0.1633885745500573,0.3882609683336582,0.003025704278308239,2,2
2025-01-01 02:12:00,0.0,0.09027135044678776,0.07649640163650133,2,2
2025-01-01 02:13:00,0.3124330591003046,0.08706437761566217,0.22097156393599718,2,2
2025-01-01 02:14:00,0.04796222726319234,0.24674478819012002,0.0,2,2
2025-01-01 02:15:00,0.16451476204524146,0.021909612691366796,0.03540027524937383,2,2
2025-01-01 02:16:00,0.0,0.09880558417340553,0.0,2,2
2025-01-01 02:17:00,0.0,0.0,0.09883596848119927,2,2
2025-01-01 02:18:00,0.0,0.08784427002887613,0.0,2,2
2025-01-01 02:19:00,0.0,0.011030048876479319,0.07139309757099459,2,2
2025-01-01 02:20:00,0.0,0.0,0.02215647874663345,2,2
2025-01-01 02:21:00,0.013174086551245846,0.013994456762043262,0.0,2,2
2025-01-01 02:22:00,0.06316476671257629,0.0,0.0,2,2
2025-01-01 02:23:00,0.0,0.0,0.0,2,2
2025-01-01 02:24:00,0.0,0.0251227559878867,0.0,2,2
2025-01-01 02:25:00,0.0,0.003998034162970742,0.23509691226473559,2,2
2025-01-01 02:26:00,0.18793089711382463,0.0,0.12783840737627505,2,2
2025-01-01 02:27:00,0.458830242622776,0.0,0.0,2,2
2025-01-01 02:28:00,0.39094755161294303,0.004591926066557159,0.11576962044787972,2,2
2025-01-01 02:29:00,0.3189411944366277,0.0,0.019253157687831236,2,2
2025-01-01 02:30:00,0.43042555706480307,0.0,0.0,2,2
2025-01-01 02:31:00,0.7321063531647769,0.10629937685328324,0.0,2,2
2025-01-01 02:32:00,0.3025064319362163,0.009537716859060791,0.03341549752724883,2,2
2025-01-01 02:33:00,0.09521012195325929,0.0,0.0,2,2
2025-01-01 02:34:00,0.11567374214704584,0.14550176870434073,0.15499327354140935,2,2
2025-01-01 02:35:00,0.06980482165092625,0.05533095171929837,0.004235394069231282,2,2
2025-01-01 02:36:00,0.07504957237780346,0.0,0.0,2,2
2025-01-01 02:37:00,0.0038241709778905446,0.09862514862263132,0.0,2,2
2025-01-01 02:38:00,0.0,0.06681378839113447,0.07476003194325001,2,2
2025-01-01 02:39:00,0.20221550978081948,0.0,0.0,2,2
2025-01-01 02:40:00,0.0,0.0,0.0,2,2
2025-01-01 02:41:00,0.0,0.024640267346902445,0.0,2,2
2025-01-01 02:42:00,0.043585942408165684,0.0,0.0,2,2
2025-01-01 02:43:00,0.024749493146134782,0.052333214501125866,0.0,2,2
2025-01-01 02:44:00,0.13228414715507641,0.07154419736926079,0.0,2,2
2025-01-01 02:45:00,0.010955381407078319,0.05692425799570965,0.0,2,2
2025-01-01 02:46:00,0.08793467597567758,0.0,0.0,2,2
2025-01-01 02:47:00,0.17120268785432496,0.0,0.0,2,2
2025-01-01 02:48:00,0.06383574419359597,0.05008569589225859,0.002793231134225297,2,2
2025-01-01 02:49:00,0.0,0.047418879284509274,0.0,2,2
2025-01-01 02:50:00,0.0,0.051044237852310555,0.009759257388355513,2,2
2025-01-01 02:51:00,0.06667464078922569,0.021098531784704323,0.08770426203969908,2,2
2025-01-01 02:52:00,0.0,0.15323727403006576,0.0,2,2
2025-01-01 02:53:00,0.05022804076212191,0.058909287414608345,0.0,2,2
2025-01-01 02:54:00,0.02547456980356635,0.09987662990492667,0.0,2,2
2025-01-01 02:55:00,0.0,0.0,0.0,2,2
2025-01-01 02:56:00,0.010421472903141864,0.04549898433697707,0.0,2,2
2025-01-01 02:57:00,0.0,0.0,0.004521014580750477,2,2
2025-01-01 02:58:00,0.0,0.0,0.0,2,2
2025-01-01 02:59:00,0.11532015450515545,0.0,0.11475061706119695,2,2
2025-01-01 03:00:00,0.032943059167755216,0.0,0.0,2,3
2025-01-01 03:01:00,0.08166444459359673,0.10452730706570601,0.015564783558473716,2,3
2025-01-01 03:02:00,0.040720796204013365,0.003013992351917717,0.16585669695718955,2,3
2025-01-01 03:03:00,0.0,0.0672999523563654,0.0033723126438424864,2,3
2025-01-01 03:04:00,0.050507533923462994,0.08951665140827002,0.05600180895487137,2,3
2025-01-01 03:05:00,0.0,0.13064720085072015,0.0,2,3
2025-01-01 03:06:00,0.0997586970339199,0.20458911029056465,0.14061777686549504,2,3
2025-01-01 03:07:00,0.0,0.0,0.10940420326460162,2,3
2025-01-01 03:08:00,0.0752067838259671,0.0,0.0799719504781454,2,3
2025-01-01 03:09:00,0.0,0.05560738081751214,0.09490637573513586,2,3
2025-01-01 03:10:00,0.0,0.0,0.0,2,3
2025-01-01 03:11:00,0.0,0.0,0.0,2,3
2025-01-01 03:12:00,0.07573242810867656,0.024043979130897536,0.0,2,3
2025-01-01 03:13:00,0.2398221474546747,0.0,0.0,2,3
2025-01-01 03:14:00,0.019302853014151994,0.016988310099327067,0.12472058256140615,2,3
2025-01-01 03:15:00,0.22422455947562997,0.0,0.0,2,3
2025-01-01 03:16:00,0.0,0.22385484597532343,0.10942299231683897,2,3
2025-01-01 03:17:00,0.0,0.060662495278414934,0.0,2,3
2025-01-01 03:18:00,0.001516306225779862,0.0,0.0,2,3
2025-01-01 03:19:00,0.019380590996024682,0.0,0.010408915185149598,2,3
2025-01-01 03:20:00,0.0810124361250075,0.04811795200280245,0.0,2,3
2025-01-01 03:21:00,0.0,0.010584313634317591,0.11882905809618932,2,3
2025-01-01 03:22:00,0.05952325750406032,0.11482298451732745,0.0,2,3
2025-01-01 03:23:00,0.006176632494438245,0.15894505659438685,0.06964143819512077,2,3
2025-01-01 03:24:00,0.1477184963184339,0.0,0.15244640726056968,2,3
2025-01-01 03:25:00,0.04367466473992307,0.0,0.0,2,3
2025-01-01 03:26:00,0.3003027564405084,0.0,0.0,2,3
2025-01-01 03:27:00,0.006933833336029184,0.147945017327278,0.0,2,3
2025-01-01 03:28:00,0.14032175720536583,0.0,0.0,2,3
2025-01-01 03:29:00,0.17419424019526009,0.07873256788832093,0.11590766938191638,2,3
2025-01-01 03:30:00,0.0,0.11517539275052698,0.0,2,3
2025-01-01 03:31:00,0.09841632086089545,0.0,0.0,2,3
2025-01-01 03:32:00,0.0,0.0,0.0,2,3
2025-01-01 03:33:00,0.0034762459529797778,0.15385348314404254,0.010091792326356859,2,3
2025-01-01 03:34:00,0.0,0.0,0.07254522390496232,2,3
2025-01-01 03:35:00,0.14969109487613524,0.0,0.119057386287606,2,3
2025-01-01 03:36:00,0.0,0.08176291648614464,0.0,2,3
2025-01-01 03:37:00,0.0,0.06107860146658129,0.021136201507790227,2,3
2025-01-01 03:38:00,0.04605894331717598,0.19490625751858953,0.09633028387366617,2,3
2025-01-01 03:39:00,0.16621324036850793,0.0,0.1507147564982018,2,3
2025-01-01 03:40:00,0.0,0.19503759702347875,0.370986989223766,2,3
2025-01-01 03:41:00,0.1120553502887897,0.013992188857416672,0.23455058294633088,2,3
2025-01-01 03:42:00,0.0,0.03245152662872361,0.20898254652883122,2,3
2025-01-01 03:43:00,0.17444121950550875,0.0,0.1962638604333432,2,3
2025-01-01 03:44:00,0.06583445110760033,0.0,0.47055015193244226,2,3
2025-01-01 03:45:00,0.0,0.0,0.3855470983007926,2,3
2025-01-01 03:46:00,0.10209969529056358,0.0,0.0,2,3
2025-01-01 03:47:00,0.0,0.0,0.0,2,3
2025-01-01 03:48:00,0.0,0.027939046577963107,0.35877920109782435,2,3
2025-01-01 03:49:00,0.0,0.0,0.37286519733340096,2,3
2025-01-01 03:50:00,0.0912332214002512,0.0,0.3313456093784054,2,3
2025-01-01 03:51:00,0.0,0.0,0.4366515242190432,2,3
2025-01-01 03:52:00,0.0,0.15474372898193384,0.040424524004804556,2,3
2025-01-01 03:53:00,0.0,0.0,0.0,2,3
2025-01-01 03:54:00,0.1543405797187162,0.0,0.05107128514487409,2,3
2025-01-01 03:55:00,0.1528030209608135,0.06635448288630943,0.0,2,3
2025-01-01 03:56:00,0.0,0.0,0.05921790252876526,2,3
2025-01-01 03:57:00,0.0,0.0,0.0,2,3
2025-01-01 03:58:00,0.0,0.0,0.10065238301921525,2,3
2025-01-01 03:59:00,0.0,0.0,0.0,2,3
2025-01-01 04:00:00,0.0,0.006947795102051894,0.03364571136441314,2,4
2025-01-01 04:01:00,0.050832250862559214,0.0,0.12571995265134722,2,4
2025-01-01 04:02:00,0.15710653260070334,0.01277207123134191,0.018353844321429842,2,4
2025-01-01 04:03:00,0.0,0.06536905236052731,0.11240741860882669,2,4
2025-01-01 04:04:00,0.0,0.08210724598634352,0.18076683493339055,2,4
2025-01-01 04:05:00,0.0621291470757388,0.0,0.11828404076910491,2,4
2025-01-01 04:06:00,0.09722934080404022,0.06107058671342324,0.0,2,4
2025-01-01 04:07:00,0.0,0.10831096305730985,0.0,2,4
2025-01-01 04:08:00,0.0,0.02998660368909699,0.0,2,4
2025-01-01 04:09:00,0.19722659040975277,0.2759470772358062,0.15351366799914987,2,4
2025-01-01 04:10:00,0.0,0.0,0.0,2,4
2025-01-01 04:11:00,0.0,0.0,0.05656321527861081,2,4
2025-01-01 04:12:00,0.0,0.0,0.02659553626628466,2,4
2025-01-01 04:13:00,0.0,0.0,0.040184752384254493,2,4
2025-01-01 04:14:00,0.0,0.06289911672080441,0.09684917272536928,2,4
2025-01-01 04:15:00,0.13815140862997413,0.013632722928080406,0.0,2,4
2025-01-01 04:16:00,0.03375418414868214,0.0,0.016124439174676344,2,4
2025-01-01 04:17:00,0.13918053390746457,0.06472498591389149,0.0,2,4
2025-01-01 04:18:00,0.01480326176839611,0.0,0.0,2,4
2025-01-01 04:19:00,0.136014381867127,0.08146788904842354,0.013840139182486983,2,4
2025-01-01 04:20:00,0.01238664964490217,0.0,0.10512554484924491,2,4
2025-01-01 04:21:00,0.0,0.006327665383488619,0.0,2,4
2025-01-01 04:22:00,0.08057354324727989,0.0,0.0,2,4
2025-01-01 04:23:00,0.021329886385179124,0.057680487888314584,0.0,2,4
2025-01-01 04:24:00,0.006507572847902536,0.04091097578587433,0.13711776606670015,2,4
2025-01-01 04:25:00,0.0,0.0,0.030725779379476716,2,4
2025-01-01 04:26:00,0.09458904202758925,0.02264043084456107,0.0,2,4
2025-01-01 04:27:00,0.0,0.0,0.0,2,4
2025-01-01 04:28:00,0.09441237678501087,0.0,0.0,2,4
2025-01-01 04:29:00,0.03819888138247193,0.15088673955361304,0.0,2,4
2025-01-01 04:30:00,0.09723893376113825,0.05239364254871955,0.0,2,4
2025-01-01 04:31:00,0.046665581735984396,0.024705258605583452,0.0,2,4
2025-01-01 04:32:00,0.14809899053056721,0.0,0.0,2,4
2025-01-01 04:33:00,0.07032745630371717,0.17181642865533786,0.0,2,4
2025-01-01 04:34:00,0.04029173905232372,0.006921133428462459,0.2027737566086718,2,4
2025-01-01 04:35:00,0.0,0.05659671576378554,0.0,2,4
2025-01-01 04:36:00,0.15270345970488725,0.0,0.0678306756939402,2,4
2025-01-01 04:37:00,0.0,0.0,0.0,2,4
2025-01-01 04:38:00,0.0,0.2190880069502174,0.0,2,4
2025-01-01 04:39:00,0.10714017949037666,0.0,0.02969775795327623,2,4
2025-01-01 04:40:00,0.030110994468729314,0.0,0.10622981973298364,2,4
2025-01-01 04:41:00,0.0,0.0,0.03532467761406419,2,4
2025-01-01 04:42:00,0.0,0.12759223335627914,0.007596353729656141,2,4
2025-01-01 04:43:00,0.1465916520255223,0.0,0.005859342582724925,2,4
2025-01-01 04:44:00,0.043659739558875234,0.08975276774592739,0.0,2,4
2025-01-01 04:45:00,0.03253852779722717,0.22807353271422642,0.0,2,4
2025-01-01 04:46:00,0.0,0.13811063367031753,0.10409773851212477,2,4
2025-01-01 04:47:00,0.1109594435971886,0.030032784208100575,0.09812174136598738,2,4
2025-01-01 04:48:00,0.017686356464773238,0.0,0.0,2,4
2025-01-01 04:49:00,0.0902580267978341,0.017874692018271923,0.2917970160413279,2,4
2025-01-01 04:50:00,0.0,0.0,0.0,2,4
2025-01-01 04:51:00,0.24052974294583124,0.0,0.04530012029624159,2,4
2025-01-01 04:52:00,0.1668079350488601,0.030843292632865373,0.0,2,4
2025-01-01 04:53:00,0.0425901388394959,0.0,0.05108377230117103,2,4
2025-01-01 04:54:00,0.06379555541450252,0.0,0.0,2,4
2025-01-01 04:55:00,0.0,0.0,0.010347320273330003,2,4
2025-01-01 04:56:00,0.0985857818608419,0.0,0.0,2,4
2025-01-01 04:57:00,0.0,0.010312699732270026,0.09162369251055524,2,4
2025-01-01 04:58:00,0.19533096371785305,0.0,0.0,2,4
2025-01-01 04:59:00,0.09230873478890952,0.0,0.0520089565367382,2,4
2025-01-01 05:00:00,0.3624196482619068,0.0,0.0,2,5
2025-01-01 05:01:00,0.5380176291346506,0.0,0.0,2,5
2025-01-01 05:02:00,0.37878872306522093,0.2854947897590023,0.030566235722196973,2,5
2025-01-01 05:03:00,0.36813506645691935,0.4523519826701405,0.03934910490579518,2,5
2025-01-01 05:04:00,0.26525142705529847,0.6486433776148253,0.0,2,5
2025-01-01 05:05:00,0.5117822044973399,0.0898934486209739,0.019617698271113714,2,5
2025-01-01 05:06:00,0.22501088618096945,0.10903931003313978,0.0,2,5
2025-01-01 05:07:00,0.591291294035776,0.0,0.12804187616040985,2,5
2025-01-01 05:08:00,0.4041834150351338,0.0,0.0,2,5
2025-01-01 05:09:00,0.2504686454507373,0.13360699903868378,0.1443618067779664,2,5
2025-01-01 05:10:00,0.07357323222180176,0.0,0.012193645156771127,2,5
2025-01-01 05:11:00,0.08577872404030981,0.0,0.0,2,5
2025-01-01 05:12:00,0.0,0.0,0.06162190870501608,2,5
2025-01-01 05:13:00,0.10941836576847687,0.0,0.0,2,5
2025-01-01 05:14:00,0.0,0.0,0.023270285234664588,2,5
2025-01-01 05:15:00,0.02668446669500071,0.010166898463164311,0.0,2,5
2025-01-01 05:16:00,0.08730939272439957,0.035419113018732865,0.05551517389444547,2,5
2025-01-01 05:17:00,0.0,0.0,0.0,2,5
2025-01-01 05:18:00,0.16214587758760035,0.0,0.0,2,5
2025-01-01 05:19:00,0.0,0.12916345386349826,0.06244112367349545,2,5
2025-01-01 05:20:00,0.0,0.04869097117837231,0.0,2,5
2025-01-01 05:21:00,0.007561898701308776,0.1012999568733763,0.19453185680697785,2,5
2025-01-01 05:22:00,0.13080720278241542,0.015966821781565017,0.0,2,5
2025-01-01 05:23:00,0.037127960568427446,0.0,0.0,2,5
2025-01-01 05:24:00,0.04623545608164774,0.05651003172991891,0.0,2,5
2025-01-01 05:25:00,0.0,0.05582370014269682,0.0,2,5
2025-01-01 05:26:00,0.016594044618487035,0.0,0.10069071234741192,2,5
2025-01-01 05:27:00,0.0,0.17438365701161282,0.0,2,5
2025-01-01 05:28:00,0.0,0.0,0.16964424881782827,2,5
2025-01-01 05:29:00,0.06174291971473486,0.0,0.0,2,5
2025-01-01 05:30:00,0.04682084062304987,0.2721233543632794,0.0,2,5
2025-01-01 05:31:00,0.12480218483547856,0.04532424976708221,0.0,2,5
2025-01-01 05:32:00,0.020480754808199497,0.06882533935806166,0.1664770861679097,2,5
2025-01-01 05:33:00,0.022426481722173926,0.0,0.09591438680765482,2,5
2025-01-01 05:34:00,0.07635544299986427,0.04030921871288001,0.18913853971663713,2,5
2025-01-01 05:35:00,0.10171645276938028,0.15334164016464122,0.030615320985577597,2,5
2025-01-01 05:36:00,0.1433334788147937,0.0,0.027686272784070546,2,5
2025-01-01 05:37:00,0.0,0.0,0.06504631340142897,2,5
2025-01-01 05:38:00,0.00031274206425938034,0.012477313767103232,0.2801292234005908,2,5
2025-01-01 05:39:00,0.14750235819608384,0.01675759094356312,0.24155775860191947,2,5
2025-01-01 05:40:00,0.030857600200243123,0.0,0.0,2,5
2025-01-01 05:41:00,0.06308793214235087,0.0,0.3104245908714472,2,5
2025-01-01 05:42:00,0.0,0.0,0.29982830844803043,2,5
2025-01-01 05:43:00,0.0,0.0,0.4778910916960074,2,5
2025-01-01 05:44:00,0.17645135502668569,0.0,0.26175239207199824,2,5
2025-01-01 05:45:00,0.24003632799853183,0.44534570443481036,0.006734465486396626,2,5
2025-01-01 05:46:00,0.0,0.27901664657178293,0.26362922307376724,2,5
2025-01-01 05:47:00,0.0,0.21132959640548085,0.13915266749929478,2,5
2025-01-01 05:48:00,0.1906427097932258,0.04991451664272234,0.11115653947623536,2,5
2025-01-01 05:49:00,0.0768555769059005,0.23586392801323855,0.0,2,5
2025-01-01 05:50:00,0.0,0.0,0.057939302263870646,2,5
2025-01-01 05:51:00,0.05235773575026767,0.0,0.0,2,5
2025-01-01 05:52:00,0.0013566481494281073,0.18128310925603877,0.0,2,5
2025-01-01 05:53:00,0.07838534029641225,0.0,0.0,2,5
2025-01-01 05:54:00,0.03635014646714567,0.0,0.11096349816243076,2,5
2025-01-01 05:55:00,0.0,0.0,0.0,2,5
2025-01-01 05:56:00,0.0,0.14980317444213753,0.012397601796906018,2,5
2025-01-01 05:57:00,0.028503873505992646,0.04909572317965661,0.0,2,5
2025-01-01 05:58:00,0.0,0.007038445026711143,0.01450473326515347,2,5
2025-01-01 05:59:00,0.0,0.0,0.0,2,5
2025-01-01 06:00:00,0.07406988015282458,0.037958839332538595,0.009910171749575508,2,6
2025-01-01 06:01:00,0.0,0.056647851485412425,0.0,2,6
2025-01-01 06:02:00,0.017470748436154482,0.0,0.0033923635691037327,2,6
2025-01-01 06:03:00,0.0,0.0,0.0,2,6
2025-01-01 06:04:00,0.10461736380790437,0.0,0.1548774042892449,2,6
2025-01-01 06:05:00,0.04167730999945981,0.06983216281857747,0.0,2,6
2025-01-01 06:06:00,0.0,0.09701523871255957,0.01943413703788398,2,6
2025-01-01 06:07:00,0.21290608123260513,0.0,0.0,2,6
2025-01-01 06:08:00,0.018735368311231113,0.0,0.0,2,6
2025-01-01 06:09:00,0.07508253145740379,0.0,0.07586729368378609,2,6
2025-01-01 06:10:00,0.1009773426445123,0.0,0.022352790585105593,2,6
2025-01-01 06:11:00,0.3056639477005839,0.11775498490358725,0.0,2,6
2025-01-01 06:12:00,0.07810460001066141,0.0,0.11334232465342839,2,6
2025-01-01 06:13:00,0.0,0.0,0.021337401719589845,2,6
2025-01-01 06:14:00,0.17185555444391948,0.0,0.01674724366150256,2,6
2025-01-01 06:15:00,0.35105297798355956,0.0,0.0,2,6
2025-01-01 06:16:00,0.30084615847197926,0.0871714409540754,0.0,2,6
2025-01-01 06:17:00,0.11078709144721968,0.0,0.0805698610605464,2,6
2025-01-01 06:18:00,0.5311035126117881,0.0,0.12643641174481166,2,6
2025-01-01 06:19:00,0.7620531913538308,0.19336748694620146,0.003932175967172071,2,6
2025-01-01 06:20:00,0.6634245397934978,0.2370479727659353,0.007343777201819649,2,6
2025-01-01 06:21:00,0.45344858722593084,0.18379166378468853,0.0,2,6
2025-01-01 06:22:00,0.48451891511000106,0.4334234943707645,0.0,2,6
2025-01-01 06:23:00,0.09183573065227585,0.20703315503254688,0.07496566660108338,2,6
2025-01-01 06:24:00,0.5500948662201228,0.40378330591302597,0.08698110436592299,2,6
2025-01-01 06:25:00,0.48920603991429806,0.13402714482254013,0.0,2,6
2025-01-01 06:26:00,0.31382510486689863,0.6116972609119287,0.0,2,6
2025-01-01 06:27:00,0.09044131625636803,0.0,0.050408062874287535,2,6
2025-01-01 06:28:00,0.0,0.0,0.04015072173361487,2,6
2025-01-01 06:29:00,0.0,0.0,0.0,2,6
2025-01-01 06:30:00,0.23275819733247183,0.0,0.0,2,6
2025-01-01 06:31:00,0.030337597489225897,0.10524624618188257,0.0,2,6
2025-01-01 06:32:00,0.04173763632193275,0.0,0.0,2,6
2025-01-01 06:33:00,0.0815189864193479,0.0,0.0,2,6
2025-01-01 06:34:00,0.0,0.0,0.06199762574656025,2,6
2025-01-01 06:35:00,0.08684807718062709,0.0,0.06460754629829167,2,6
2025-01-01 06:36:00,0.22691572120591474,0.0,0.0,2,6
2025-01-01 06:37:00,0.0,0.023807616115220576,0.11101107938424606,2,6
2025-01-01 06:38:00,0.15206406986921628,0.019067256028243627,0.03560154288382336,2,6
2025-01-01 06:39:00,0.03228828773459029,0.020856980968204375,0.1563638147943245,2,6
2025-01-01 06:40:00,0.0,0.4422288606015735,0.043198526712973244,2,6
2025-01-01 06:41:00,0.26814453876761113,0.33583462274189296,0.0,2,6
2025-01-01 06:42:00,0.20927839700422105,0.03572522907289602,0.041625504389055996,2,6
2025-01-01 06:43:00,0.1548973047069523,0.013360515554977,0.0,2,6
2025-01-01 06:44:00,0.07629374046944093,0.0,0.11752354069091589,2,6
2025-01-01 06:45:00,0.04338385818072674,0.0,0.0,2,6
2025-01-01 06:46:00,0.14355162909630376,0.017974518550821113,0.0,2,6
2025-01-01 06:47:00,0.04815987690956155,0.0,0.0,2,6
2025-01-01 06:48:00,0.0,0.0,0.07289199446105414,2,6
2025-01-01 06:49:00,0.0,0.0,0.2650470730444777,2,6
2025-01-01 06:50:00,0.23784142390143911,0.0,0.2579926341975649,2,6
2025-01-01 06:51:00,0.06624114628754516,0.0329005673913013,0.020275152900479695,2,6
2025-01-01 06:52:00,0.01942118979352348,0.0,0.47039588388097653,2,6
2025-01-01 06:53:00,0.15385579961556478,0.12028863957086829,0.29498606293299034,2,6
2025-01-01 06:54:00,0.0,0.0,0.07715802943447475,2,6
2025-01-01 06:55:00,0.0698041559468138,0.0,0.4863966920619876,2,6
2025-01-01 06:56:00,0.07873164832189117,0.0,0.4509137399077984,2,6
2025-01-01 06:57:00,0.0,0.0,0.32443519254408465,2,6
2025-01-01 06:58:00,0.06207598581161397,0.0,0.41299358075563447,2,6
2025-01-01 06:59:00,0.0,0.0,0.533522773356922,2,6
2025-01-01 07:00:00,0.0,0.036762215877004685,0.2930906451846904,2,7
2025-01-01 07:01:00,0.033781943583208504,0.0,0.16724509294082252,2,7
2025-01-01 07:02:00,0.10970989969116988,0.060784513964009655,0.0,2,7
2025-01-01 07:03:00,0.06369698502478026,0.0,0.039796270838617906,2,7
2025-01-01 07:04:00,0.034055843487185204,0.0,0.0,2,7
2025-01-01 07:05:00,0.0036895228974792513,0.0,0.04133787734025173,2,7
2025-01-01 07:06:00,0.0016905603086421576,0.3530601298681572,0.03638715375749616,2,7
2025-01-01 07:07:00,0.0,0.6036020429198945,0.0,2,7
2025-01-01 07:08:00,0.16713873238832616,0.03302495858263706,0.0,2,7
2025-01-01 07:09:00,0.07945383594058325,0.14012322364027333,0.4440771093915531,2,7
2025-01-01 07:10:00,0.36648002616413106,0.14844218415146843,0.4197315645247161,2,7
2025-01-01 07:11:00,0.3643487517982275,0.05262112100651982,0.3711553290033639,2,7
2025-01-01 07:12:00,0.37036162446797727,0.0,0.3602544959287357,2,7
2025-01-01 07:13:00,0.3329822393758825,0.12354666004596374,0.020450081764676723,2,7
2025-01-01 07:14:00,0.4468042495641551,0.0,0.0,2,7
2025-01-01 07:15:00,0.3150777423869743,0.11745720012347075,0.0,2,7
2025-01-01 07:16:00,0.027219448284610093,0.006637506608256131,0.0,2,7
2025-01-01 07:17:00,0.09799384634946456,0.0,0.023758969919602912,2,7
2025-01-01 07:18:00,0.0,0.0693113719684713,0.0,2,7
2025-01-01 07:19:00,0.011390902171756055,0.0,0.0,2,7
2025-01-01 07:20:00,0.0,0.0,0.0,2,7
2025-01-01 07:21:00,0.0,0.0,0.0,2,7
2025-01-01 07:22:00,0.10000830771983622,0.040410778675162524,0.0,2,7
2025-01-01 07:23:00,0.10614192924041975,0.0,0.0,2,7
2025-01-01 07:24:00,0.0,0.28976389901219346,0.0,2,7
2025-01-01 07:25:00,0.0,0.044200545403583646,0.050382698429496955,2,7
2025-01-01 07:26:00,0.08798668390115452,0.0,0.0,2,7
2025-01-01 07:27:00,0.13476840611083973,0.0,0.15790694710364253,2,7
2025-01-01 07:28:00,0.12656053487861096,0.018261313767482135,0.0,2,7
2025-01-01 07:29:00,0.1891725852255551,0.0,0.048734782517771615,2,7
2025-01-01 07:30:00,0.24795426399757756,0.0,0.0,2,7
2025-01-01 07:31:00,0.0,0.0,0.0,2,7
2025-01-01 07:32:00,0.0,0.0,0.10567695466740637,2,7
2025-01-01 07:33:00,0.0,0.0,0.026222656727551995,2,7
2025-01-01 07:34:00,0.0,0.0,0.0,2,7
2025-01-01 07:35:00,0.054416255458686814,0.09852920917811056,0.06780514455553409,2,7
2025-01-01 07:36:00,0.023736289543069482,0.0,0.05637687950465541,2,7
2025-01-01 07:37:00,0.0,0.0,0.04167178127301401,2,7
2025-01-01 07:38:00,0.038410468978281646,0.0,0.013371728395363608,2,7
2025-01-01 07:39:00,0.0,0.0,0.03830504636307116,2,7
2025-01-01 07:40:00,0.09272912012854634,0.0,0.02263857066369055,2,7
2025-01-01 07:41:00,0.14116985356441072,0.0,0.07596426289768614,2,7
2025-01-01 07:42:00,0.053049540508972294,0.1102726308382792,0.0,2,7
2025-01-01 07:43:00,0.0,0.0,0.09595403221580029,2,7
2025-01-01 07:44:00,0.07792953561910662,0.0,0.0,2,7
2025-01-01 07:45:00,0.17596672333042643,0.023948089074283817,0.03490916698361943,2,7
2025-01-01 07:46:00,0.09440770744584495,0.0925897043432969,0.0,2,7
2025-01-01 07:47:00,0.04538911114814263,0.0,0.0,2,7
2025-01-01 07:48:00,0.15371491305456958,0.0,0.007078250074654476,2,7
2025-01-01 07:49:00,0.08783165798800832,0.29909832847761875,0.14706643180203255,2,7
2025-01-01 07:50:00,0.25144880762567223,0.10497865079892198,0.0,2,7
2025-01-01 07:51:00,0.5626822972656242,0.46659407149554105,0.01482433634642792,2,7
2025-01-01 07:52:00,0.4727329188375987,0.38421367586288946,0.17112335062402786,2,7
2025-01-01 07:53:00,0.6621269741691204,0.5025502228570009,0.0,2,7
2025-01-01 07:54:00,0.17051306155684637,0.0,0.0,2,7
2025-01-01 07:55:00,0.0978728069279419,0.15778770254830637,0.0,2,7
2025-01-01 07:56:00,0.0,0.0,0.19089965565129124,2,7
2025-01-01 07:57:00,0.0,0.02750207873521905,0.0,2,7
2025-01-01 07:58:00,0.12588163064676725,0.026325434501963126,0.0,2,7
2025-01-01 07:59:00,0.1427686294516429,0.0,0.044286641027069695,2,7
2025-01-01 08:00:00,0.0,0.0,0.0,2,8
2025-01-01 08:01:00,0.12784578056665502,0.0896510407870475,0.0,2,8
2025-01-01 08:02:00,0.023155350733358435,0.0,0.10048467072555972,2,8
2025-01-01 08:03:00,0.032877556408099855,0.11492485938193873,0.058401893721705816,2,8
2025-01-01 08:04:00,0.0,0.0,0.0859818745793981,2,8
2025-01-01 08:05:00,0.09078403387350086,0.0,0.0,2,8
2025-01-01 08:06:00,0.2624698914323418,0.0,0.1807241195064702,2,8
2025-01-01 08:07:00,0.0,0.07145705246256542,0.10104624696751364,2,8
2025-01-01 08:08:00,0.15334060763526697,0.0,0.0,2,8
2025-01-01 08:09:00,0.02923110042786305,0.0,0.046630904324514964,2,8
2025-01-01 08:10:00,0.0,0.0,0.0,2,8
2025-01-01 08:11:00,0.0,0.0,0.0,2,8
2025-01-01 08:12:00,0.16920387515870913,0.07039310237581711,0.0,2,8
2025-01-01 08:13:00,0.041112937529651214,0.08513292041712729,0.0,2,8
2025-01-01 08:14:00,0.0,0.04115659081492718,0.0,2,8
2025-01-01 08:15:00,0.00114248828458988,0.4549654490983804,0.0,2,8
2025-01-01 08:16:00,0.09909109573921927,0.0,0.042490699012142384,2,8
2025-01-01 08:17:00,0.0,0.2235626071515014,0.0,2,8
2025-01-01 08:18:00,0.0,0.3750685213495144,0.2391205896928932,2,8
2025-01-01 08:19:00,0.01863333109185646,0.0,0.0,2,8
2025-01-01 08:20:00,0.015634047010288185,0.0771575800819543,0.07752717509879187,2,8
2025-01-01 08:21:00,0.013491943499695389,0.0,0.24699588194237782,2,8
2025-01-01 08:22:00,0.0,0.0,0.0,2,8
2025-01-01 08:23:00,0.1572714733971265,0.3853151033068306,0.015684358878570254,2,8
2025-01-01 08:24:00,0.3079963624223556,0.2567652781940597,0.12449811656703304,2,8
2025-01-01 08:25:00,0.0,0.24814879167927584,0.08110119303278993,2,8
2025-01-01 08:26:00,0.0,0.04800508111068923,0.0,2,8
2025-01-01 08:27:00,0.006472609002756105,0.6872639751093389,0.11925069395965761,2,8
2025-01-01 08:28:00,0.0,0.09324407302259473,0.0,2,8
2025-01-01 08:29:00,0.0,0.0,0.0,2,8
2025-01-01 08:30:00,0.0,0.0,0.0941725109986991,2,8
2025-01-01 08:31:00,0.09832124040010688,0.0,0.0,2,8
2025-01-01 08:32:00,0.005366471882015181,0.14648213278744698,0.0,2,8
2025-01-01 08:33:00,0.0,0.0,0.0,2,8
2025-01-01 08:34:00,0.00410612034216094,0.12269419411695036,0.04208968541983866,2,8
2025-01-01 08:35:00,0.011214059899128048,0.11452841000049245,0.14223195535256727,2,8
2025-01-01 08:36:00,0.012832634607521664,0.020699763592658366,0.0,2,8
2025-01-01 08:37:00,0.13984848760518187,0.0936214974717548,0.026221007600903214,2,8
2025-01-01 08:38:00,0.12065441571099639,0.004811060333720556,0.07512714630277517,2,8
2025-01-01 08:39:00,0.03722520482379158,0.15047925496882794,0.0,2,8
2025-01-01 08:40:00,0.23578111770977625,0.00598020760701206,0.0,2,8
2025-01-01 08:41:00,0.0,0.0,0.0,2,8
2025-01-01 08:42:00,0.0,0.0321135205728684,0.0,2,8
2025-01-01 08:43:00,0.017348110304604966,0.0,0.0,2,8
2025-01-01 08:44:00,0.027560143276384334,0.02778680891253911,0.38220996010107045,2,8
2025-01-01 08:45:00,0.0,0.019288682878559137,0.10427390932170447,2,8
2025-01-01 08:46:00,0.0,0.15514144752992803,0.4565440988927081,2,8
2025-01-01 08:47:00,0.02961958663292006,0.0,0.3871232812149995,2,8
2025-01-01 08:48:00,0.0,0.17583536357472873,0.48598448896400487,2,8
2025-01-01 08:49:00,0.0,0.1008065785423184,0.0,2,8
2025-01-01 08:50:00,0.04168301741721838,0.0,0.11292283694956119,2,8
2025-01-01 08:51:00,0.0,0.0,0.0,2,8
2025-01-01 08:52:00,0.06301137904709436,0.02945306740295808,0.005040688333162015,2,8
2025-01-01 08:53:00,0.4455407887169876,0.0068758193355865,0.01494868290403068,2,8
2025-01-01 08:54:00,0.49719123028263995,0.11686057034090043,0.0,2,8
2025-01-01 08:55:00,0.4977739831739263,0.07364422271946422,0.0,2,8
2025-01-01 08:56:00,0.35364423758485863,0.34112536487069006,0.0,2,8
2025-01-01 08:57:00,0.23525104193707513,0.35054295591604345,0.08601844890060414,2,8
2025-01-01 08:58:00,0.29963362104395463,0.232309414229757,0.0,2,8
2025-01-01 08:59:00,0.2814357455298021,0.03340136813532422,0.01412007562449725,2,8
2025-01-01 09:00:00,0.4261795652472461,0.0,0.08701135141445407,2,9
2025-01-01 09:01:00,0.696109006938978,0.1177818035390598,0.0,2,9
2025-01-01 09:02:00,0.2575914414383532,0.0,0.11130266750103973,2,9
2025-01-01 09:03:00,0.08481263287272903,0.0,0.0,2,9
2025-01-01 09:04:00,0.08723852323079027,0.003322812167093255,0.0,2,9
2025-01-01 09:05:00,0.0,0.0,0.0,2,9
2025-01-01 09:06:00,0.008389562881668075,0.0,0.0,2,9
2025-01-01 09:07:00,0.0,0.01852261569377157,0.05791491308533095,2,9
2025-01-01 09:08:00,0.0,0.08089922453701387,0.0,2,9
2025-01-01 09:09:00,0.015009888534161993,0.0,0.04080581145013396,2,9
2025-01-01 09:10:00,0.08173372946836405,0.0,0.0,2,9
2025-01-01 09:11:00,0.0,0.07578513152774739,0.0,2,9
2025-01-01 09:12:00,0.12566228117354913,0.0,0.0,2,9
2025-01-01 09:13:00,0.0,0.0,0.0,2,9
2025-01-01 09:14:00,0.0,0.026580709860245733,0.04978555209543314,2,9
2025-01-01 09:15:00,0.0,0.04126035948641393,0.0,2,9
2025-01-01 09:16:00,0.12026602893824857,0.06278260531400652,0.0,2,9
2025-01-01 09:17:00,0.0,0.0,0.19678162975635397,2,9
2025-01-01 09:18:00,0.0,0.0,0.0,2,9
2025-01-01 09:19:00,0.0,0.0,0.0,2,9
2025-01-01 09:20:00,0.09170630447352032,0.0,0.0,2,9
2025-01-01 09:21:00,0.0,0.0,0.0,2,9
2025-01-01 09:22:00,0.09572011012960537,0.0,0.0,2,9
2025-01-01 09:23:00,0.016073129333241423,0.0,0.10878602255802519,2,9
2025-01-01 09:24:00,0.0,0.100049691332367,0.018564263717913827,2,9
2025-01-01 09:25:00,0.0,0.0,0.0,2,9
2025-01-01 09:26:00,0.0,0.05106472158936674,0.0,2,9
2025-01-01 09:27:00,0.292493004568722,0.0,0.0,2,9
2025-01-01 09:28:00,0.603241187607523,0.0,0.0,2,9
2025-01-01 09:29:00,0.0,0.0,0.04829833042166339,2,9
2025-01-01 09:30:00,0.0,0.4228815393027688,0.019623460657337995,2,9
2025-01-01 09:31:00,0.0,0.23278322696317286,0.0,2,9
2025-01-01 09:32:00,0.06730212137312065,0.0,0.0,2,9
2025-01-01 09:33:00,0.03640606701861799,0.0,0.0,2,9
2025-01-01 09:34:00,0.0,0.14272447394643117,0.0,2,9
2025-01-01 09:35:00,0.060613591515571066,0.0,0.11993658776310873,2,9
2025-01-01 09:36:00,0.06644543457877178,0.0,0.0,2,9
2025-01-01 09:37:00,0.008025178763884505,0.05721898280821801,0.06411483391688076,2,9
2025-01-01 09:38:00,0.15470734662138935,0.1093389181449379,0.025912635108222996,2,9
2025-01-01 09:39:00,0.11680652424114665,0.0,0.0,2,9
2025-01-01 09:40:00,0.16965544897475154,0.10840223454275753,0.0,2,9
2025-01-01 09:41:00,0.0,0.0007780950641087742,0.20938576031418873,2,9
2025-01-01 09:42:00,0.0902445412909409,0.012364147174541429,0.0,2,9
2025-01-01 09:43:00,0.08782757982435523,0.0,0.0,2,9
2025-01-01 09:44:00,0.0,0.02426987741890192,0.019128050306911303,2,9
2025-01-01 09:45:00,0.0,0.0,0.0,2,9
2025-01-01 09:46:00,0.12313063499887718,0.02733729652274589,0.0,2,9
2025-01-01 09:47:00,0.02443791895582797,0.0,0.0,2,9
2025-01-01 09:48:00,0.1946850086691784,0.0,0.0,2,9
2025-01-01 09:49:00,0.18188776888298205,0.06522602724602837,0.0,2,9
2025-01-01 09:50:00,0.0,0.0,0.01125710561975928,2,9
2025-01-01 09:51:00,0.028402055711608594,0.15578143842872125,0.0,2,9
2025-01-01 09:52:00,0.06111827411002435,0.06083729454164198,0.1512109890730603,2,9
2025-01-01 09:53:00,0.0,0.0,0.09642892256978502,2,9
2025-01-01 09:54:00,0.0839053050405821,0.029634962369100484,0.07666306865236225,2,9
2025-01-01 09:55:00,0.08635974532399673,0.07551057614214192,0.1066858666075592,2,9
2025-01-01 09:56:00,0.09946318880808704,0.01707969816404817,0.0,2,9
2025-01-01 09:57:00,0.06010358546723531,0.024234084538893835,0.05708472048352443,2,9
2025-01-01 09:58:00,0.01598123686603581,0.0,0.0,2,9
2025-01-01 09:59:00,0.039807792046639257,0.0,0.0,2,9
2025-01-01 10:00:00,0.0,0.025433736102687846,0.09821810309291325,2,10
2025-01-01 10:01:00,0.09621648077773684,0.0,0.0,2,10
2025-01-01 10:02:00,0.0,0.0,0.1328075152890888,2,10
2025-01-01 10:03:00,0.03851870081112326,0.14700600751751522,0.01855903011192301,2,10
2025-01-01 10:04:00,0.10443577882062753,0.0,0.03974232428520914,2,10
2025-01-01 10:05:00,0.09547967986509832,0.08137177207289799,0.038769446574936806,2,10
2025-01-01 10:06:00,0.12460377466642485,0.06625623810893984,0.0,2,10
2025-01-01 10:07:00,0.06675303687810316,0.0,0.1700710506747654,2,10
2025-01-01 10:08:00,0.0,0.0,0.0,2,10
2025-01-01 10:09:00,0.010235171639985215,0.10001064906521961,0.0,2,10
2025-01-01 10:10:00,0.08568494019360792,0.08250173153391964,0.14297490898999363,2,10
2025-01-01 10:11:00,0.0,0.03282592503878442,0.08461908438411343,2,10
2025-01-01 10:12:00,0.15088776042161128,0.0,0.0,2,10
2025-01-01 10:13:00,0.1321048740268012,0.0267683591570181,0.07761104435878449,2,10
2025-01-01 10:14:00,0.0,0.0,0.07201217251232309,2,10
2025-01-01 10:15:00,0.010337661542676523,0.0,0.051755267335928036,2,10
2025-01-01 10:16:00,0.0,0.1378387974314245,0.0,2,10
2025-01-01 10:17:00,0.0,0.0,0.21413773540937447,2,10
2025-01-01 10:18:00,0.0,0.0789904776858176,0.010803441948754223,2,10
2025-01-01 10:19:00,0.056797134382513464,0.021259025813827125,0.0,2,10
2025-01-01 10:20:00,0.08203804150674787,0.0,0.0,2,10
2025-01-01 10:21:00,0.022829920482584053,0.005829761797192933,0.039050750944400095,2,10
2025-01-01 10:22:00,0.0936318445060651,0.0,0.0,2,10
2025-01-01 10:23:00,0.08011699345275458,0.021801348000351,0.0,2,10
2025-01-01 10:24:00,0.24731656641430208,0.05959656870126933,0.06170657657727344,2,10
2025-01-01 10:25:00,0.0,0.0,0.219233308211599,2,10
2025-01-01 10:26:00,0.17579210241187815,0.17957762264105753,0.0,2,10
2025-01-01 10:27:00,0.12021075187431093,0.009630305579302943,0.04333477807086308,2,10
2025-01-01 10:28:00,0.014444670286289374,0.054790730527023455,0.02111151657079496,2,10
2025-01-01 10:29:00,0.14034435879634088,0.0,0.0,2,10
2025-01-01 10:30:00,0.1201982885321682,0.0,0.0,2,10
2025-01-01 10:31:00,0.18847662340598578,0.07129018737404394,0.02474310806433774,2,10
2025-01-01 10:32:00,0.0,0.18078044628464046,0.0,2,10
2025-01-01 10:33:00,0.0,0.006867591979916389,0.02904398299897049,2,10
2025-01-01 10:34:00,0.0,0.07014072037686134,0.04328601786601566,2,10
2025-01-01 10:35:00,0.0,0.002423898054900376,0.0,2,10
2025-01-01 10:36:00,0.05348535989675112,0.0,0.0,2,10
2025-01-01 10:37:00,0.15411972794100848,0.08570352197388195,0.11629842636285238,2,10
2025-01-01 10:38:00,0.0038382828934274416,0.0,0.0,2,10
2025-01-01 10:39:00,0.0,0.0,0.16098360477725707,2,10
2025-01-01 10:40:00,0.0,0.0,0.026517334659037804,2,10
2025-01-01 10:41:00,0.13177298761098127,0.03831327403410167,0.18965768427129376,2,10
2025-01-01 10:42:00,0.0,0.0,0.0,2,10
2025-01-01 10:43:00,0.0,0.09110154157901194,0.0,2,10
2025-01-01 10:44:00,0.13425312731269995,0.18599800978482742,0.03608495970369425,2,10
2025-01-01 10:45:00,0.0,0.2844360473296837,0.03646431146241626,2,10
2025-01-01 10:46:00,0.0,0.35337319326836836,0.0783551354742937,2,10
2025-01-01 10:47:00,0.06174529469170262,0.114263333048923,0.0,2,10
2025-01-01 10:48:00,0.0,0.0,0.0006431870815035274,2,10
2025-01-01 10:49:00,0.1012759778953743,0.07077285353028037,0.0,2,10
2025-01-01 10:50:00,0.0,0.050419567464342625,0.0,2,10
2025-01-01 10:51:00,0.0,0.11368488727660168,0.0,2,10
2025-01-01 10:52:00,0.1698512355451713,0.042681545546199046,0.0,2,10
2025-01-01 10:53:00,0.0,0.12123348658523052,0.0,2,10
2025-01-01 10:54:00,0.0,0.0,0.03198624744142378,2,10
2025-01-01 10:55:00,0.02054860596322322,0.0,0.049605890042118676,2,10
2025-01-01 10:56:00,0.11981053934866166,0.0,0.0,2,10
2025-01-01 10:57:00,0.15082466735435573,0.0,0.031085439640753144,2,10
2025-01-01 10:58:00,0.036270837390252234,0.0,0.08923703750399088,2,10
2025-01-01 10:59:00,0.0,0.12079030306900924,0.05064585503574205,2,10
2025-01-01 11:00:00,0.0,0.0,0.0,2,11
2025-01-01 11:01:00,0.0,0.21327455317033123,0.0,2,11
2025-01-01 11:02:00,0.16603903947030726,0.0,0.0,2,11
2025-01-01 11:03:00,0.1103309756378509,0.0,0.0,2,11
2025-01-01 11:04:00,0.0,0.1332755195722782,0.0,2,11
2025-01-01 11:05:00,0.09334657903986202,0.0,0.038065189499043056,2,11
2025-01-01 11:06:00,0.11517721635929733,0.04417852031660221,0.024728708722052628,2,11
2025-01-01 11:07:00,0.14147146018127169,0.5214648490650646,0.29447884617548237,2,11
2025-01-01 11:08:00,0.0741314356061272,0.30337862877375144,0.0,2,11
2025-01-01 11:09:00,0.043505215945763065,0.1370765676785759,0.029315472178405064,2,11
2025-01-01 11:10:00,0.07198837260617057,0.13111073494841183,0.006668850241449281,2,11
2025-01-01 11:11:00,0.04007576369799842,0.3033612867674048,0.0,2,11
2025-01-01 11:12:00,0.05608256006343898,0.46476201533225336,0.0,2,11
2025-01-01 11:13:00,0.07807458275562917,0.5622506610894505,0.044383075359341995,2,11
2025-01-01 11:14:00,0.0,0.3263008216389677,0.0,2,11
2025-01-01 11:15:00,0.0732293344119706,0.10508107859069271,0.08990550312064083,2,11
2025-01-01 11:16:00,0.010652717713155489,0.0,0.03033139073509134,2,11
2025-01-01 11:17:00,0.0,0.0,0.0,2,11
2025-01-01 11:18:00,0.5426571084432669,0.09497334426525987,0.0,2,11
2025-01-01 11:19:00,0.18099731714060208,0.0,0.0,2,11
2025-01-01 11:20:00,0.3258502612389429,0.0,0.11099269887833639,2,11
2025-01-01 11:21:00,0.5660855001937561,0.0,0.07932989024581626,2,11
2025-01-01 11:22:00,0.2496695748609104,0.0,0.0,2,11
2025-01-01 11:23:00,0.04433063050000037,0.131787501239386,0.12036993116332426,2,11
2025-01-01 11:24:00,0.0,0.01646960758042433,0.12924154385251677,2,11
2025-01-01 11:25:00,0.0,0.0,0.18981809514498396,2,11
2025-01-01 11:26:00,0.3713794066122953,0.0,0.14052529244416007,2,11
2025-01-01 11:27:00,0.49699202727738984,0.044102292053114854,0.15447335833137346,2,11
2025-01-01 11:28:00,0.3127831098656941,0.023720103310765076,0.0,2,11
2025-01-01 11:29:00,0.22419292636316987,0.06117741196623769,0.08326841269502969,2,11
2025-01-01 11:30:00,0.23537497230784316,0.0,0.010782329504111735,2,11
2025-01-01 11:31:00,0.06343654260159956,0.03365624462374554,0.0,2,11
2025-01-01 11:32:00,0.025960384873356446,0.0,0.0,2,11
2025-01-01 11:33:00,0.0,0.02918771675305805,0.0,2,11
2025-01-01 11:34:00,0.026884324141188014,0.0,0.0,2,11
2025-01-01 11:35:00,0.0,0.09196383813266137,0.0,2,11
2025-01-01 11:36:00,0.18824806293245608,0.0480039033288571,0.014153175287528073,2,11
2025-01-01 11:37:00,0.0,0.03968693661063901,0.06965890507826718,2,11
2025-01-01 11:38:00,0.0,0.06689119470821156,0.010510517650619503,2,11
2025-01-01 11:39:00,0.0,0.038193867885845244,0.0,2,11
2025-01-01 11:40:00,0.0,0.2424441706965805,0.024659951740423326,2,11
2025-01-01 11:41:00,0.0,0.200750325943344,0.0513337085225463,2,11
2025-01-01 11:42:00,0.13391097675164518,0.0,0.0,2,11
2025-01-01 11:43:00,0.08300931190876268,0.49470833521655955,0.0,2,11
2025-01-01 11:44:00,0.0,0.22192598285198206,0.09104298983119183,2,11
2025-01-01 11:45:00,0.12817246742096355,0.14875419113217753,0.0,2,11
2025-01-01 11:46:00,0.0,0.3997822211820827,0.018151661389832582,2,11
2025-01-01 11:47:00,0.011269582020510972,0.30696100935716786,0.32931307186605685,2,11
2025-01-01 11:48:00,0.0,0.40807047338177216,0.028369912411135425,2,11
2025-01-01 11:49:00,0.11669866725346253,0.044969447554826576,0.0,2,11
2025-01-01 11:50:00,0.0,0.24568225771223381,0.0,2,11
2025-01-01 11:51:00,0.21004011169038192,0.0,0.0,2,11
2025-01-01 11:52:00,0.0,0.0,0.06446850777020302,2,11
2025-01-01 11:53:00,0.1242260273543723,0.005554499520581561,0.0,2,11
2025-01-01 11:54:00,0.0,0.0,0.0,2,11
2025-01-01 11:55:00,0.0,0.06923720599248151,0.04793788257083164,2,11
2025-01-01 11:56:00,0.0,0.03818652362229582,0.0,2,11
2025-01-01 11:57:00,0.0,0.05425362186230861,0.0,2,11
2025-01-01 11:58:00,0.0,0.0,0.08117797804794928,2,11
2025-01-01 11:59:00,0.0,0.15209196849121556,0.0,2,11
2025-01-01 12:00:00,0.0,0.009566573185377725,0.12899136816788914,2,12
2025-01-01 12:01:00,0.0,0.0,0.03848804546111665,2,12
2025-01-01 12:02:00,0.06710741743234341,0.0,0.0,2,12
2025-01-01 12:03:00,0.0,0.0,0.17806936857858985,2,12
2025-01-01 12:04:00,0.0,0.12083449887348437,0.029052963588101374,2,12
2025-01-01 12:05:00,0.0,0.0467430822692544,0.2381159873074507,2,12
2025-01-01 12:06:00,0.3414302307692495,0.022554362541425264,0.04041417464303133,2,12
2025-01-01 12:07:00,0.3544124884193711,0.2368525624317942,0.0,2,12
2025-01-01 12:08:00,0.3265242453735564,0.18590175325238825,0.0,2,12
2025-01-01 12:09:00,0.33608371569729284,0.11020683844235149,0.0,2,12
2025-01-01 12:10:00,0.6039268783464231,0.0,0.04015206030938813,2,12
2025-01-01 12:11:00,0.2171824629420347,0.0,0.002942224910118385,2,12
2025-01-01 12:12:00,0.005030582753320616,0.20128786241877022,0.0,2,12
2025-01-01 12:13:00,0.0,0.36407219625286436,0.11050598137660125,2,12
2025-01-01 12:14:00,0.031063626834868113,0.1814065398002831,0.0,2,12
2025-01-01 12:15:00,0.0,0.3978614238385475,0.1764691861396839,2,12
2025-01-01 12:16:00,0.0,0.04567084330705395,0.18881468528209805,2,12
2025-01-01 12:17:00,0.10142364826939283,0.03420136444223617,0.0016010112291254667,2,12
2025-01-01 12:18:00,0.1418183017150708,0.04360019173953352,0.01962588455615149,2,12
2025-01-01 12:19:00,0.14986426089954635,0.0,0.08582671224067033,2,12
2025-01-01 12:20:00,0.0,0.29360783872028423,0.024498759760506642,2,12
2025-01-01 12:21:00,0.0,0.42233090048413635,0.0,2,12
2025-01-01 12:22:00,0.254943758419629,0.12199474679445384,0.0,2,12
2025-01-01 12:23:00,0.0,0.4663931476486871,0.01996585293457518,2,12
2025-01-01 12:24:00,0.0,0.22204035463532729,0.0,2,12
2025-01-01 12:25:00,0.0,0.18838155414567148,0.0,2,12
2025-01-01 12:26:00,0.0,0.38095761814179696,0.04800476141008502,2,12
2025-01-01 12:27:00,0.0,0.0,0.0,2,12
2025-01-01 12:28:00,0.0,0.06675625719890295,0.0,2,12
2025-01-01 12:29:00,0.0,0.0,0.0,2,12
2025-01-01 12:30:00,0.0,0.0,0.14247746733198752,2,12
2025-01-01 12:31:00,0.14876411393589067,0.10895327982220253,0.1792496492587662,2,12
2025-01-01 12:32:00,0.0,0.0,0.14988306737323806,2,12
2025-01-01 12:33:00,0.0,0.0,0.07763736028001376,2,12
2025-01-01 12:34:00,0.0,0.0,0.08250977954735178,2,12
2025-01-01 12:35:00,0.021174853726871272,0.05871760678472423,0.0,2,12
2025-01-01 12:36:00,0.2066239860299406,0.0,0.0,2,12
2025-01-01 12:37:00,0.0801987657388833,0.0,0.0,2,12
2025-01-01 12:38:00,0.029272740500029343,0.05165439904755908,0.08717439511236927,2,12
2025-01-01 12:39:00,0.0,0.046588678210632055,0.04142345097108504,2,12
2025-01-01 12:40:00,0.0,0.0,0.004643349579937286,2,12
2025-01-01 12:41:00,0.0,0.11967664382842354,0.05687036404413271,2,12
2025-01-01 12:42:00,0.0,0.01952953141107542,0.0,2,12
2025-01-01 12:43:00,0.07615180463781132,0.028228791050091087,0.0,2,12
2025-01-01 12:44:00,0.0,0.0,0.0,2,12
2025-01-01 12:45:00,0.10983864721014346,0.11766516333280692,0.049944522100606466,2,12
2025-01-01 12:46:00,0.0,0.0,0.0,2,12
2025-01-01 12:47:00,0.0,0.061684402339850584,0.0,2,12
2025-01-01 12:48:00,0.031193678018138795,0.015828350084720676,0.0,2,12
2025-01-01 12:49:00,0.0,0.0381718239099818,0.07779317897674438,2,12
2025-01-01 12:50:00,0.0,0.007151185391531308,0.0,2,12
2025-01-01 12:51:00,0.27609962258425813,0.0,0.0,2,12
2025-01-01 12:52:00,0.0,0.1363422984116415,0.0,2,12
2025-01-01 12:53:00,0.12527596891941906,0.0,0.08281285940514897,2,12
2025-01-01 12:54:00,0.19933256357403825,0.0,0.12766077167795012,2,12
2025-01-01 12:55:00,0.03306751760707091,0.12851398951980295,0.11817014533612577,2,12
2025-01-01 12:56:00,0.11501865538483759,0.0,0.0,2,12
2025-01-01 12:57:00,0.09212544539551926,0.0,0.05920793167641123,2,12
2025-01-01 12:58:00,0.12491491616748444,0.0,0.02661027980620327,2,12
2025-01-01 12:59:00,0.012094122394885356,0.0,0.0,2,12
2025-01-01 13:00:00,0.10027256732712896,0.0,0.20019565084686813,2,13
2025-01-01 13:01:00,0.06510524809546789,0.0,0.46395032635856154,2,13
2025-01-01 13:02:00,0.0,0.05177841938880326,0.1331185111644025,2,13
2025-01-01 13:03:00,0.1011045304397363,0.11778054781319162,0.3431173572780658,2,13
2025-01-01 13:04:00,0.0,0.09336674086055939,0.2014960901852056,2,13
2025-01-01 13:05:00,0.1856300795515933,0.0,0.48981329617876895,2,13
2025-01-01 13:06:00,0.0,0.0,0.06304457746699861,2,13
2025-01-01 13:07:00,0.0,0.0681760125287843,0.362827177818497,2,13
2025-01-01 13:08:00,0.0,0.0,0.17117248648364775,2,13
2025-01-01 13:09:00,0.0,0.0,0.2588033241855267,2,13
2025-01-01 13:10:00,0.19918348375245837,0.0,0.0,2,13
2025-01-01 13:11:00,0.18452377127636863,0.0,0.0,2,13
2025-01-01 13:12:00,0.032497126237099896,0.0018563336303177485,0.0,2,13
2025-01-01 13:13:00,0.0,0.0,0.0400503123181692,2,13
2025-01-01 13:14:00,0.05306973183344346,0.036179509936968154,0.0,2,13
2025-01-01 13:15:00,0.0,0.0,0.0,2,13
2025-01-01 13:16:00,0.0,0.0,0.14589872065571097,2,13
2025-01-01 13:17:00,0.08414440993897374,0.07033010546843693,0.0,2,13
2025-01-01 13:18:00,0.0,0.0,0.0,2,13
2025-01-01 13:19:00,0.029324759484486002,0.0,0.027945181866435874,2,13
2025-01-01 13:20:00,0.08721257176083902,0.02272484375512827,0.0,2,13
2025-01-01 13:21:00,0.08959313470391664,0.0,0.18000174098740554,2,13
2025-01-01 13:22:00,0.0,0.0,0.0800295019379642,2,13
2025-01-01 13:23:00,0.0,0.15960347834211766,0.05894151522497099,2,13
2025-01-01 13:24:00,0.08925337195872443,0.009981984611754683,0.3723433282016704,2,13
2025-01-01 13:25:00,0.018276041056397477,0.0,0.601081147863399,2,13
2025-01-01 13:26:00,0.10333482326890382,0.09534783388016771,0.21092623824455048,2,13
2025-01-01 13:27:00,0.0,0.0,0.23111022114792612,2,13
2025-01-01 13:28:00,0.0,0.10880728674590993,0.0,2,13
2025-01-01 13:29:00,0.11063484110749301,0.0,0.08887145592875359,2,13
2025-01-01 13:30:00,0.0,0.15428487877357555,0.0075739449779854435,2,13
2025-01-01 13:31:00,0.0,0.0,0.007623825249947617,2,13
2025-01-01 13:32:00,0.10145306910521688,0.002956571864601922,0.14734233667275215,2,13
2025-01-01 13:33:00,0.060360427128371946,0.0,0.0,2,13
2025-01-01 13:34:00,0.0,0.0828752592724934,0.0,2,13
2025-01-01 13:35:00,0.2014164357415557,0.10539579686517501,0.0,2,13
2025-01-01 13:36:00,0.0,0.09819720840361634,0.0474610982335957,2,13
2025-01-01 13:37:00,0.03195767620901719,0.0,0.0,2,13
2025-01-01 13:38:00,0.01652001479065208,0.03974467265388708,0.03426859333375102,2,13
2025-01-01 13:39:00,0.0,0.1558266355012946,0.12550409647800112,2,13
2025-01-01 13:40:00,0.0013007814209001142,0.0,0.09086828808264184,2,13
2025-01-01 13:41:00,0.14504870500333517,0.0,0.08154695121717212,2,13
2025-01-01 13:42:00,0.004976383434292547,0.05144164345328269,0.0,2,13
2025-01-01 13:43:00,0.0,0.0,0.1916789516239655,2,13
2025-01-01 13:44:00,0.15920536322271228,0.0,0.0,2,13
2025-01-01 13:45:00,0.0,0.0,0.0,2,13
2025-01-01 13:46:00,0.13078568974549135,0.05700404123573661,0.0,2,13
2025-01-01 13:47:00,0.0,0.0,0.1760362672973507,2,13
2025-01-01 13:48:00,0.1309955496707081,0.032806257372482224,0.0,2,13
2025-01-01 13:49:00,0.0,0.0,0.08520672958468875,2,13
2025-01-01 13:50:00,0.0,0.10606997745553115,0.0,2,13
2025-01-01 13:51:00,0.0,0.1292494638534475,0.0,2,13
2025-01-01 13:52:00,0.09909252921300084,0.005944679468340926,0.04341936730873827,2,13
2025-01-01 13:53:00,0.03179695072188702,0.1568936448134763,0.0,2,13
2025-01-01 13:54:00,0.10700224871307078,0.0,0.08041617277169139,2,13
2025-01-01 13:55:00,0.045434423264234094,0.0,0.03401857131950531,2,13
2025-01-01 13:56:00,0.0,0.013447028758210917,0.04610112370710787,2,13
2025-01-01 13:57:00,0.31305583888841215,0.040699575729630025,0.0,2,13
2025-01-01 13:58:00,0.46580880796190194,0.12674951828291295,0.09583715280583065,2,13
2025-01-01 13:59:00,0.20512411937321998,0.0,0.0,2,13
2025-01-01 14:00:00,0.0,0.024716432513350154,0.0063628097835781855,2,14
2025-01-01 14:01:00,0.3714187025980059,0.30027524849116877,0.025914398329050216,2,14
2025-01-01 14:02:00,0.042272790101353624,0.0,0.0,2,14
2025-01-01 14:03:00,0.028530053087099792,0.0,0.07923911520313645,2,14
2025-01-01 14:04:00,0.019002712591651816,0.045556084127140524,0.0,2,14
2025-01-01 14:05:00,0.0,0.18760107225912312,0.0,2,14
2025-01-01 14:06:00,0.08800937351997477,0.0,0.14252274838808277,2,14
2025-01-01 14:07:00,0.08080509984345424,0.0,0.36359218683843886,2,14
2025-01-01 14:08:00,0.007596060614498329,0.15694659456886267,0.0,2,14
2025-01-01 14:09:00,0.0,0.0,0.048916523760451476,2,14
2025-01-01 14:10:00,0.0,0.0,0.0386294533146988,2,14
2025-01-01 14:11:00,0.10358773616126878,0.0,0.18770164444178392,2,14
2025-01-01 14:12:00,0.0,0.0,0.016206280197197127,2,14
2025-01-01 14:13:00,0.050343217476189736,0.04092498449150526,0.0,2,14
2025-01-01 14:14:00,0.07094204862083306,0.08126946977485726,0.09659646358330712,2,14
2025-01-01 14:15:00,0.0,0.0,0.05937301712119465,2,14
2025-01-01 14:16:00,0.03950714368930763,0.0,0.14217647174993847,2,14
2025-01-01 14:17:00,0.544067086783131,0.10159759383822198,0.0,2,14
2025-01-01 14:18:00,0.22590231853415277,0.0,0.0,2,14
2025-01-01 14:19:00,0.4829274395783776,0.0,0.12740551596550348,2,14
2025-01-01 14:20:00,0.1833694787664944,0.0002604061366318561,0.04754078766313662,2,14
2025-01-01 14:21:00,0.2758943012961731,0.0,0.0,2,14
2025-01-01 14:22:00,0.2885559665531632,0.0,0.0,2,14
2025-01-01 14:23:00,0.3795748232469326,0.0,0.027558880677249622,2,14
2025-01-01 14:24:00,0.10147456498889451,0.0,0.19328163073524052,2,14
2025-01-01 14:25:00,0.0066275942148274515,0.1088283568933797,0.0,2,14
2025-01-01 14:26:00,0.19079150611191575,0.0,0.0,2,14
2025-01-01 14:27:00,0.1653453647621203,0.0,0.04576925310550412,2,14
2025-01-01 14:28:00,0.05913789848159459,0.0,0.01657874439465888,2,14
2025-01-01 14:29:00,0.033218508703683966,0.09105268159439327,0.0,2,14
2025-01-01 14:30:00,0.0,0.0,0.0,2,14
2025-01-01 14:31:00,0.0704823408808268,0.0,0.0,2,14
2025-01-01 14:32:00,0.159046074137635,0.0,0.0868663105571437,2,14
2025-01-01 14:33:00,0.03551992425300892,0.09917132425623647,0.0,2,14
2025-01-01 14:34:00,0.0,0.035254165399968104,0.2272592912045961,2,14
2025-01-01 14:35:00,0.03326388366908714,0.04677580186903612,0.0,2,14
2025-01-01 14:36:00,0.06104727541807514,0.0,0.06054436633336769,2,14
2025-01-01 14:37:00,0.0,0.06511076509455287,0.15156242730428016,2,14
2025-01-01 14:38:00,0.0,0.07511288316940984,0.0022286089598719154,2,14
2025-01-01 14:39:00,0.0,0.0464965640230145,0.0,2,14
2025-01-01 14:40:00,0.19053559623618066,0.08538459575651616,0.0347153339570082,2,14
2025-01-01 14:41:00,0.152393634423789,0.1975557527157876,0.0,2,14
2025-01-01 14:42:00,0.0,0.12864190129738035,0.0,2,14
2025-01-01 14:43:00,0.0,0.0,0.09744682517482663,2,14
2025-01-01 14:44:00,0.10663884765723994,0.0,0.0,2,14
2025-01-01 14:45:00,0.0,0.08751245019935591,0.0,2,14
2025-01-01 14:46:00,0.07607972436159674,0.0284582462996506,0.10342005083827863,2,14
2025-01-01 14:47:00,0.0,0.16639880724084705,0.0,2,14
2025-01-01 14:48:00,0.03121696822829052,0.11654018662957284,0.0630171917481879,2,14
2025-01-01 14:49:00,0.020712549860694728,0.0,0.21748728112645047,2,14
2025-01-01 14:50:00,0.1267794469003426,0.0,0.0,2,14
2025-01-01 14:51:00,0.06989921575016955,0.08380688419774361,0.0,2,14
2025-01-01 14:52:00,0.04429906348092165,0.0,0.0,2,14
2025-01-01 14:53:00,0.3174633095448981,0.0,0.05352098006988627,2,14
2025-01-01 14:54:00,0.2692546244824362,0.0,0.04721865118865208,2,14
2025-01-01 14:55:00,0.48995475235550434,0.0,0.07302374348353673,2,14
2025-01-01 14:56:00,0.6151710866537985,0.06617385017196478,0.0,2,14
2025-01-01 14:57:00,0.3908719602125744,0.0,0.0,2,14
2025-01-01 14:58:00,0.3831959059980282,0.010272962936767004,0.08575358285376798,2,14
2025-01-01 14:59:00,0.38557124395248066,0.0,0.0,2,14
2025-01-01 15:00:00,0.1848892261841717,0.08560826726148858,0.031162270170856095,2,15
2025-01-01 15:01:00,0.630987607675048,0.11119880849471793,0.0,2,15
2025-01-01 15:02:00,0.40017100747857925,0.09611252123984272,0.08907502281240627,2,15
2025-01-01 15:03:00,0.18161358965735575,0.1596141034523024,0.0,2,15
2025-01-01 15:04:00,0.11464071278365251,0.0,0.0,2,15
2025-01-01 15:05:00,0.08091407622706998,0.1148384563119945,0.0,2,15
2025-01-01 15:06:00,0.24179236007049026,0.0,0.0,2,15
2025-01-01 15:07:00,0.0,0.0,0.0753980986445438,2,15
2025-01-01 15:08:00,0.0,0.0,0.0492733707981705,2,15
2025-01-01 15:09:00,0.05431395743118771,0.05102541930407118,0.0,2,15
2025-01-01 15:10:00,0.1303875442282491,0.0,0.0,2,15
2025-01-01 15:11:00,0.0,0.04802887450720421,0.06584656279314667,2,15
2025-01-01 15:12:00,0.11285552286978894,0.0,0.08803196995050419,2,15
2025-01-01 15:13:00,0.0,0.0407752708223665,0.07122985012765044,2,15
2025-01-01 15:14:00,0.0,0.11313991452024375,0.0,2,15
2025-01-01 15:15:00,0.1085858887743896,0.03675668533350186,0.0185593249883984,2,15
2025-01-01 15:16:00,0.2338328984630831,0.0,0.0807488103797728,2,15
2025-01-01 15:17:00,0.0,0.006745129778078071,0.20677263446912386,2,15
2025-01-01 15:18:00,0.08766901467841237,0.0,0.0767476072726809,2,15
2025-01-01 15:19:00,0.16352863306993884,0.0,0.0,2,15
2025-01-01 15:20:00,0.1323766232597781,0.026839116716341246,0.026002098773356717,2,15
2025-01-01 15:21:00,0.09386202199367669,0.0,0.0,2,15
2025-01-01 15:22:00,0.16914233535362433,0.0,0.0,2,15
2025-01-01 15:23:00,0.03345035652316577,0.06164710688728439,0.0,2,15
2025-01-01 15:24:00,0.06683854913346769,0.0,0.0,2,15
2025-01-01 15:25:00,0.0,0.01602224816634518,0.0,2,15
2025-01-01 15:26:00,0.1636026481365989,0.0625488005505769,0.0,2,15
2025-01-01 15:27:00,0.0,0.005866696768191551,0.059828593028178306,2,15
2025-01-01 15:28:00,0.0,0.07011583485062267,0.15133012811277827,2,15
2025-01-01 15:29:00,0.0,0.0,0.6007192727546358,2,15
2025-01-01 15:30:00,0.33948291204884495,0.019288400358849524,0.03667042497331663,2,15
2025-01-01 15:31:00,0.0,0.0,0.2434980080338109,2,15
2025-01-01 15:32:00,0.009180423243504293,0.0,0.33490998727837196,2,15
2025-01-01 15:33:00,0.07629623607057825,0.0,0.32232497126102166,2,15
2025-01-01 15:34:00,0.08206464247290673,0.19251758298630892,0.3900781806761339,2,15
2025-01-01 15:35:00,0.013234101737089596,0.0,0.5154747015070379,2,15
2025-01-01 15:36:00,0.09280526630828363,0.0,0.11856227297896883,2,15
2025-01-01 15:37:00,0.04145836906160742,0.0,0.010332842361811973,2,15
2025-01-01 15:38:00,0.0,0.0,0.0,2,15
2025-01-01 15:39:00,0.08606803734818061,0.0,0.07449477609884125,2,15
2025-01-01 15:40:00,0.010760041357676886,0.0987427129510452,0.05386769578069557,2,15
2025-01-01 15:41:00,0.091171957368172,0.11175752515841185,0.016740286127640672,2,15
2025-01-01 15:42:00,0.0,0.1912449217592001,0.17689151869812217,2,15
2025-01-01 15:43:00,0.033616887986346225,0.11904477127362921,0.30101726902220194,2,15
2025-01-01 15:44:00,0.04920287334492113,0.09627196204280031,0.39431998505641286,2,15
2025-01-01 15:45:00,0.21035613396506397,0.046133247788874725,0.3301835000612023,2,15
2025-01-01 15:46:00,0.1323636868488922,0.035865784836819084,0.0,2,15
2025-01-01 15:47:00,0.11555399492531274,0.0,0.0,2,15
2025-01-01 15:48:00,0.19571020105521644,0.021295226716268413,0.4495088320539906,2,15
2025-01-01 15:49:00,0.0,0.02777193401825285,0.4797833454560271,2,15
2025-01-01 15:50:00,0.0,0.024397629867032387,0.4518053488903199,2,15
2025-01-01 15:51:00,0.020027489695872057,0.0959609859761044,0.37096335048897316,2,15
2025-01-01 15:52:00,0.11640127755004467,0.0,0.0,2,15
2025-01-01 15:53:00,0.019714857591096112,0.03834579367775719,0.11011979622015923,2,15
2025-01-01 15:54:00,0.04297482052268024,0.0,0.10851463414445404,2,15
2025-01-01 15:55:00,0.18526684444211053,0.05359361524671608,0.03380701859842794,2,15
2025-01-01 15:56:00,0.0,0.1372980195045701,0.0,2,15
2025-01-01 15:57:00,0.0,0.03861929569534705,0.06118224826461394,2,15
2025-01-01 15:58:00,0.001000685305511683,0.15125982675088737,0.0,2,15
2025-01-01 15:59:00,0.0,0.1206835195739604,0.1936274000729987,2,15
2025-01-01 16:00:00,0.0,0.09218994115529006,0.06484815938347062,2,16
2025-01-01 16:01:00,0.1016278561620927,0.07892857357629005,0.0,2,16
2025-01-01 16:02:00,0.0,0.0,0.0,2,16
2025-01-01 16:03:00,0.16008080298971944,0.02460005514683208,0.0,2,16
2025-01-01 16:04:00,0.0,0.12515375595954575,0.0,2,16
2025-01-01 16:05:00,0.0,0.20320510246210857,0.0,2,16
2025-01-01 16:06:00,0.0928169859068956,0.0,0.0,2,16
2025-01-01 16:07:00,0.1919915287326556,0.0,0.06994316717652584,2,16
2025-01-01 16:08:00,0.053000278630559006,0.0,0.19407559313018075,2,16
2025-01-01 16:09:00,0.0,0.0,0.0,2,16
2025-01-01 16:10:00,0.08305700249625242,0.22162865787128597,0.0,2,16
2025-01-01 16:11:00,0.0,0.0003471992209860846,0.0,2,16
2025-01-01 16:12:00,0.0,0.0,0.0,2,16
2025-01-01 16:13:00,0.14842530519136604,0.0,0.09130184934410779,2,16
2025-01-01 16:14:00,0.0,0.004900679927539249,0.15558718322843718,2,16
2025-01-01 16:15:00,0.03843808816456665,0.2591566871229128,0.03756080467526652,2,16
2025-01-01 16:16:00,0.05739131289790113,0.0,0.0,2,16
2025-01-01 16:17:00,0.0,0.0,0.0,2,16
2025-01-01 16:18:00,0.0,0.08755094254177619,0.06255326634773545,2,16
2025-01-01 16:19:00,0.0843883014363779,0.13423715921519408,0.08778757457172595,2,16
2025-01-01 16:20:00,0.0,0.0,0.09071689115763626,2,16
2025-01-01 16:21:00,0.13328581288655814,0.012158281007163754,0.17774992308576865,2,16
2025-01-01 16:22:00,0.0,0.37279333447631874,0.0,2,16
2025-01-01 16:23:00,0.0,0.07725001421313753,0.0,2,16
2025-01-01 16:24:00,0.010446548637543442,0.010678880840678962,0.03704228637599859,2,16
2025-01-01 16:25:00,0.08089094376306916,0.06733747217457513,0.0,2,16
2025-01-01 16:26:00,0.057581246809797496,0.09547621848100726,0.0,2,16
2025-01-01 16:27:00,0.0,0.0,0.0,2,16
2025-01-01 16:28:00,0.0,0.0,0.032416930530372666,2,16
2025-01-01 16:29:00,0.0,0.0,0.1370304106972165,2,16
2025-01-01 16:30:00,0.1671159553538192,0.0,0.0,2,16
2025-01-01 16:31:00,0.19480027900566996,0.0,0.11554978785856863,2,16
2025-01-01 16:32:00,0.0,0.09535512982258619,0.006005526283799129,2,16
2025-01-01 16:33:00,0.0,0.1489265063359501,0.009431589049848204,2,16
2025-01-01 16:34:00,0.01844585310348395,0.0,0.0,2,16
2025-01-01 16:35:00,0.15692329069202274,0.07469800939723581,0.0,2,16
2025-01-01 16:36:00,0.0,0.0,0.0,2,16
2025-01-01 16:37:00,0.02060813613490843,0.0,0.043611834827057695,2,16
2025-01-01 16:38:00,0.03194579121002917,0.19570041754858605,0.0,2,16
2025-01-01 16:39:00,0.0,0.0,0.14321994765855522,2,16
2025-01-01 16:40:00,0.0,0.0,0.0,2,16
2025-01-01 16:41:00,0.06249845745767454,0.0,0.0,2,16
2025-01-01 16:42:00,0.010795419937691134,0.0917265663986085,0.0,2,16
2025-01-01 16:43:00,0.09577170259739498,0.0,0.0,2,16
2025-01-01 16:44:00,0.1553550166497368,0.013181682309422457,0.0,2,16
2025-01-01 16:45:00,0.20063306195386507,0.016780632411545524,0.49887953697121606,2,16
2025-01-01 16:46:00,0.10711128068029514,0.0,0.22626251375365725,2,16
2025-01-01 16:47:00,0.0,0.0,0.0,2,16
2025-01-01 16:48:00,0.0,0.0,0.05558918200821436,2,16
2025-01-01 16:49:00,0.0,0.03952717850367753,0.04595531782767964,2,16
2025-01-01 16:50:00,0.3855617129553276,0.013496021817791944,0.1514613458899307,2,16
2025-01-01 16:51:00,0.05470851870996275,0.0,0.0,2,16
2025-01-01 16:52:00,0.0,0.07610384827494879,0.0,2,16
2025-01-01 16:53:00,0.10215854776857895,0.03530785747514439,0.0,2,16
2025-01-01 16:54:00,0.06768847032989328,0.0,0.0,2,16
2025-01-01 16:55:00,0.0,0.07911709861135836,0.0,2,16
2025-01-01 16:56:00,0.006064168993725038,0.0,0.0,2,16
2025-01-01 16:57:00,0.025781108383042223,0.0,0.0,2,16
2025-01-01 16:58:00,0.0,0.0,0.009483494604128954,2,16
2025-01-01 16:59:00,0.0,0.0,0.0,2,16
2025-01-01 17:00:00,0.055619624619304905,0.11920280999235482,0.0,2,17
2025-01-01 17:01:00,0.0,0.07310971727296608,0.07670134887655669,2,17
2025-01-01 17:02:00,0.09483060427012108,0.0,0.05349127373678401,2,17
2025-01-01 17:03:00,0.06734331727607926,0.0,0.12139092804979333,2,17
2025-01-01 17:04:00,0.0,0.0,0.0,2,17
2025-01-01 17:05:00,0.15719087807381574,0.0,0.0,2,17
2025-01-01 17:06:00,0.11286393794248759,0.0,0.12048530882602294,2,17
2025-01-01 17:07:00,0.0,0.0,0.05377729112609844,2,17
2025-01-01 17:08:00,0.08435342274659133,0.021479863117818007,0.0,2,17
2025-01-01 17:09:00,0.0,0.0,0.0,2,17
2025-01-01 17:10:00,0.020697292220692543,0.16086542367386564,0.0,2,17
2025-01-01 17:11:00,0.05339601529848788,0.0,0.012575179342554576,2,17
2025-01-01 17:12:00,0.0,0.08119501934549864,0.1787824107744358,2,17
2025-01-01 17:13:00,0.10261611599035471,0.09196936801913311,0.0,2,17
2025-01-01 17:14:00,0.033696752054910815,0.0,0.05127850043946139,2,17
2025-01-01 17:15:00,0.042175861030942945,0.0,0.01651988930727919,2,17
2025-01-01 17:16:00,0.03332858278573494,0.0,0.0,2,17
2025-01-01 17:17:00,0.12782939689619577,0.0,0.10137644174647703,2,17
2025-01-01 17:18:00,0.15221981575557725,0.0,0.0,2,17
2025-01-01 17:19:00,0.1906573858074689,0.0,0.0,2,17
2025-01-01 17:20:00,0.27694074140086244,0.0,0.033744803362465624,2,17
2025-01-01 17:21:00,0.0,0.18063345383465113,0.006897836236701533,2,17
2025-01-01 17:22:00,0.02310602037952468,0.0,0.5409611779156461,2,17
2025-01-01 17:23:00,0.031857594516297355,0.04117485651629448,0.33958732011288156,2,17
2025-01-01 17:24:00,0.0,0.0932783609622001,0.32542498634990896,2,17
2025-01-01 17:25:00,0.0,0.16681284385448897,0.24129376897263718,2,17
2025-01-01 17:26:00,0.02612763669737661,0.049626163088880945,0.40323169656857977,2,17
2025-01-01 17:27:00,0.1889876890242934,0.0,0.39041263319888386,2,17
2025-01-01 17:28:00,0.0,0.02292213435180428,0.1844524261462541,2,17
2025-01-01 17:29:00,0.0,0.0,0.3221159579490307,2,17
2025-01-01 17:30:00,0.05089544521331538,0.0,0.173142450771517,2,17
2025-01-01 17:31:00,0.11266474465370727,0.0,0.16810526804838377,2,17
2025-01-01 17:32:00,0.01479367183387501,0.09045343506765079,0.020397164652534192,2,17
2025-01-01 17:33:00,0.07720883506306325,0.0,0.6525074199582767,2,17
2025-01-01 17:34:00,0.059572562627075026,0.0,0.32611197462799185,2,17
2025-01-01 17:35:00,0.02993185905568049,0.09405000660077915,0.3763008886022456,2,17
2025-01-01 17:36:00,0.0,0.0,0.4830948933272328,2,17
2025-01-01 17:37:00,0.0,0.0,0.5578709106969347,2,17
2025-01-01 17:38:00,0.0,0.0,0.3670305817290239,2,17
2025-01-01 17:39:00,0.0,0.0,0.04476925343111307,2,17
2025-01-01 17:40:00,0.19673852179425974,0.011279850904696596,0.22527845714207362,2,17
2025-01-01 17:41:00,0.10704561914272967,0.08809774710457029,0.006319863481840562,2,17
2025-01-01 17:42:00,0.022607008326519594,0.0,0.11372724820788883,2,17
2025-01-01 17:43:00,0.13186908504244077,0.00590007933198389,0.09336866062927925,2,17
2025-01-01 17:44:00,0.12420191570415325,0.13483300444251312,0.04760861438707575,2,17
2025-01-01 17:45:00,0.055842577078834915,0.0,0.0,2,17
2025-01-01 17:46:00,0.1637315181365006,0.019001303656947056,0.07665053613254971,2,17
2025-01-01 17:47:00,0.0,0.2228572894202579,0.010091098518015871,2,17
2025-01-01 17:48:00,0.13470683163633507,0.03565470675268452,0.11458895637156388,2,17
2025-01-01 17:49:00,0.0,0.0,0.08342780535633179,2,17
2025-01-01 17:50:00,0.08670692187855894,0.05549012082191724,0.17382769059420763,2,17
2025-01-01 17:51:00,0.0,0.08821952418737326,0.0,2,17
2025-01-01 17:52:00,0.2096068329251683,0.014433793223703036,0.08235123639248312,2,17
2025-01-01 17:53:00,0.07005767714277863,0.1791987444074712,0.0,2,17
2025-01-01 17:54:00,0.08438297064032385,0.0,0.33650082954554705,2,17
2025-01-01 17:55:00,0.08326488764818643,0.0,0.363830159240489,2,17
2025-01-01 17:56:00,0.23492681080367145,0.0392257805582546,0.2627641567552223,2,17
2025-01-01 17:57:00,0.0,0.0,0.3130478061049427,2,17
2025-01-01 17:58:00,0.02615956643309128,0.12341867449222342,0.20748760759221374,2,17
2025-01-01 17:59:00,0.18314828975216277,0.10216795333194317,0.24873570980445833,2,17
2025-01-01 18:00:00,0.0,0.02615816867377208,0.4064929809379436,2,18
2025-01-01 18:01:00,0.04277345529442999,0.05834243008286701,0.4279796997835969,2,18
2025-01-01 18:02:00,0.0,0.0,0.08717338310153822,2,18
2025-01-01 18:03:00,0.15601095323954875,0.02735586496812827,0.0,2,18
2025-01-01 18:04:00,0.0,0.0,0.10931782531202844,2,18
2025-01-01 18:05:00,0.056985003550871285,0.13588435664499424,0.13142745693176378,2,18
2025-01-01 18:06:00,0.053473030240974176,0.04089541856216794,0.016023097926768665,2,18
2025-01-01 18:07:00,0.18656896170260925,0.054004183035466266,0.0,2,18
2025-01-01 18:08:00,0.0,0.0,0.0,2,18
2025-01-01 18:09:00,0.30379893404830727,0.019139937854282415,0.0,2,18
2025-01-01 18:10:00,0.2797697491744615,0.0,0.2459925668082328,2,18
2025-01-01 18:11:00,0.0,0.054287241617211254,0.0,2,18
2025-01-01 18:12:00,0.07612720843178311,0.0,0.0,2,18
2025-01-01 18:13:00,0.0,0.0,0.0,2,18
2025-01-01 18:14:00,0.0,0.0,0.0,2,18
2025-01-01 18:15:00,0.024203600033169747,0.031754435904655334,0.16882386976852032,2,18
2025-01-01 18:16:00,0.20649138055507715,0.05023035512080119,0.09671270326426151,2,18
2025-01-01 18:17:00,0.30922088679099613,0.07524933811268934,0.0,2,18
2025-01-01 18:18:00,0.0,0.05397118986536598,0.0,2,18
2025-01-01 18:19:00,0.1802734326305588,0.0,0.0,2,18
2025-01-01 18:20:00,0.10762285047241062,0.011396689372979153,0.0,2,18
2025-01-01 18:21:00,0.0,0.0,0.09056108787981826,2,18
2025-01-01 18:22:00,0.0,0.0,0.0,2,18
2025-01-01 18:23:00,0.07753349254274913,0.0,0.11362023853209603,2,18
2025-01-01 18:24:00,0.0,0.10341112543678281,0.10572434880030658,2,18
2025-01-01 18:25:00,0.0,0.024451275920999747,0.12165685050439788,2,18
2025-01-01 18:26:00,0.0,0.10522812626063627,0.03362769450892579,2,18
2025-01-01 18:27:00,0.0,0.0,0.0,2,18
2025-01-01 18:28:00,0.0,0.0,0.0,2,18
2025-01-01 18:29:00,0.0,0.0,0.0,2,18
2025-01-01 18:30:00,0.0,0.14527412766138856,0.020425284607794737,2,18
2025-01-01 18:31:00,0.0,0.10770360713597978,0.0,2,18
2025-01-01 18:32:00,0.12481429504720495,0.1660847018158697,0.0,2,18
2025-01-01 18:33:00,0.0,0.12587184290625017,0.0,2,18
2025-01-01 18:34:00,0.02046589088033174,0.012289585125108176,0.06033357852749352,2,18
2025-01-01 18:35:00,0.20303218148571686,0.0,0.0,2,18
2025-01-01 18:36:00,0.0,0.05854573347956043,0.11782303683201999,2,18
2025-01-01 18:37:00,0.04954032212833202,0.0,0.12138532085115575,2,18
2025-01-01 18:38:00,0.0074506576665363915,0.06137810281166336,0.0,2,18
2025-01-01 18:39:00,0.05955116915903387,0.0,0.1604813872107033,2,18
2025-01-01 18:40:00,0.0,0.08675276913469608,0.055716846966559534,2,18
2025-01-01 18:41:00,0.0,0.0,0.0,2,18
2025-01-01 18:42:00,0.15288565502005597,0.08288853955022867,0.0,2,18
2025-01-01 18:43:00,0.07610780322964351,0.0,0.09648853017347077,2,18
2025-01-01 18:44:00,0.0035644166796533067,0.0,0.06455373282567393,2,18
2025-01-01 18:45:00,0.0,0.0,0.0,2,18
2025-01-01 18:46:00,0.0,0.0,0.0,2,18
2025-01-01 18:47:00,0.0,0.0,0.19889177985190268,2,18
2025-01-01 18:48:00,0.0,0.0,0.059363454569550105,2,18
2025-01-01 18:49:00,0.012038027859436671,0.04419252269293139,0.091728124413682,2,18
2025-01-01 18:50:00,0.20256937928147709,0.0,0.0,2,18
2025-01-01 18:51:00,0.0421844464132454,0.0,0.21496107692301594,2,18
2025-01-01 18:52:00,0.0,0.0,0.06258594463899711,2,18
2025-01-01 18:53:00,0.0,0.0,0.06262821494145346,2,18
2025-01-01 18:54:00,0.0,0.0,0.0,2,18
2025-01-01 18:55:00,0.0,0.0766114655356953,0.0,2,18
2025-01-01 18:56:00,0.05172079375284009,0.12327359719167155,0.0,2,18
2025-01-01 18:57:00,0.0,0.0,0.0300828702303517,2,18
2025-01-01 18:58:00,0.2082905600065144,0.10671313567909972,0.03138570395293091,2,18
2025-01-01 18:59:00,0.0052659612974843215,0.17382811150763403,0.0,2,18
2025-01-01 19:00:00,0.12853997114500496,0.0,0.0,2,19
2025-01-01 19:01:00,0.0,0.0,0.007182317915314705,2,19
2025-01-01 19:02:00,0.022689269799106147,0.0,0.0828806690574085,2,19
2025-01-01 19:03:00,0.0,0.047129583303235044,0.0,2,19
2025-01-01 19:04:00,0.13159372235635564,0.25421339797156045,0.005541048270944293,2,19
2025-01-01 19:05:00,0.0,0.0,0.3177200362331526,2,19
2025-01-01 19:06:00,0.15608495199993097,0.2246973118376549,0.11812155369639595,2,19
2025-01-01 19:07:00,0.09166639764711182,0.0,0.39685721350250547,2,19
2025-01-01 19:08:00,0.0,0.0,0.38621587373391086,2,19
2025-01-01 19:09:00,0.0,0.06653556949544319,0.1606155905044021,2,19
2025-01-01 19:10:00,0.0,0.23489759704142302,0.0,2,19
2025-01-01 19:11:00,0.0,0.0,0.030330226601122355,2,19
2025-01-01 19:12:00,0.09098800471904189,0.0,0.14027391457617752,2,19
2025-01-01 19:13:00,0.026007353662663622,0.18725201048337653,0.10190255518770372,2,19
2025-01-01 19:14:00,0.10949231138755591,0.0,0.0,2,19
2025-01-01 19:15:00,0.16491351051134295,0.0,0.14218752664842418,2,19
2025-01-01 19:16:00,0.03118626791807842,0.001168111537865814,0.043223967160069994,2,19
2025-01-01 19:17:00,0.0,0.0,0.0,2,19
2025-01-01 19:18:00,0.06421060396504183,0.004905092292747902,0.0,2,19
2025-01-01 19:19:00,0.2217259148426123,0.040902734089818,0.12184672559569201,2,19
2025-01-01 19:20:00,0.11552015077482626,0.0,0.0,2,19
2025-01-01 19:21:00,0.056429021015325105,0.10126206348103098,0.0,2,19
2025-01-01 19:22:00,0.0,0.1376139395398193,0.0,2,19
2025-01-01 19:23:00,0.00864067577949575,0.1355768658227289,0.1482942720349188,2,19
2025-01-01 19:24:00,0.0,0.0,0.09655052064592769,2,19
2025-01-01 19:25:00,0.0,0.1328163962361271,0.0,2,19
2025-01-01 19:26:00,0.06630042848060769,0.23419849269698534,0.0,2,19
2025-01-01 19:27:00,0.0,0.045900007194613936,0.0,2,19
2025-01-01 19:28:00,0.0,0.000557057800537376,0.0,2,19
2025-01-01 19:29:00,0.0,0.008649863674911351,0.08540898853935344,2,19
2025-01-01 19:30:00,0.0,0.0,0.0,2,19
2025-01-01 19:31:00,0.03297961651214244,0.06024236830050954,0.0,2,19
2025-01-01 19:32:00,0.0,0.0,0.02087382444904572,2,19
2025-01-01 19:33:00,0.0,0.24236061234668246,0.02749319514574627,2,19
2025-01-01 19:34:00,0.4389833568833674,0.12129537387842063,0.133587915342633,2,19
2025-01-01 19:35:00,0.12824681457942755,0.07305107950830057,0.0,2,19
2025-01-01 19:36:00,0.2873026087156727,0.042055085163846574,0.0,2,19
2025-01-01 19:37:00,0.17359758881781348,0.0,0.0,2,19
2025-01-01 19:38:00,0.46195770088755456,0.1317189404222051,0.010345457631213159,2,19
2025-01-01 19:39:00,0.3215128778107643,0.0,0.0,2,19
2025-01-01 19:40:00,0.45336583234882943,0.0,0.022456914024602967,2,19
2025-01-01 19:41:00,0.3013026572933697,0.0,0.07508553719760717,2,19
2025-01-01 19:42:00,0.0,0.020716572414105804,0.01931947882331223,2,19
2025-01-01 19:43:00,0.13224359319281595,0.20865397820278958,0.0,2,19
2025-01-01 19:44:00,0.0,0.15044848375568864,0.12183881584279511,2,19
2025-01-01 19:45:00,0.0,0.0,0.07207339049915219,2,19
2025-01-01 19:46:00,0.14287067208503207,0.0,0.13448158205970104,2,19
2025-01-01 19:47:00,0.0,0.17021117011466294,0.047697977381347074,2,19
2025-01-01 19:48:00,0.0,0.0,0.0,2,19
2025-01-01 19:49:00,0.13348098433880862,0.0,0.2987233944960213,2,19
2025-01-01 19:50:00,0.15646569070225408,0.03174742161686571,0.0,2,19
2025-01-01 19:51:00,0.07298361510480887,0.04892243617599348,0.08563454210352654,2,19
2025-01-01 19:52:00,0.0,0.0,0.0018146082177220406,2,19
2025-01-01 19:53:00,0.0573366852785388,0.07069636331492261,0.07772651939570319,2,19
2025-01-01 19:54:00,0.14892930782887645,0.0,0.0,2,19
2025-01-01 19:55:00,0.00012302774349415638,0.16357295007752815,0.5037021648862032,2,19
2025-01-01 19:56:00,0.13936904388493115,0.09530762685609183,0.2768442426184351,2,19
2025-01-01 19:57:00,0.3393429530670906,0.10797183220509943,0.0,2,19
2025-01-01 19:58:00,0.0776862584882057,0.005112161088260888,0.10341289459001363,2,19
2025-01-01 19:59:00,0.052510365917407875,0.14391281877265116,0.009387389302706406,2,19
2025-01-01 20:00:00,0.0,0.04588235424106296,0.08270362287784763,2,20
2025-01-01 20:01:00,0.0,0.144821766104496,0.08601469683308649,2,20
2025-01-01 20:02:00,0.0,0.01939594215381594,0.10462459456954122,2,20
2025-01-01 20:03:00,0.054667789653275733,0.1523696917102463,0.0,2,20
2025-01-01 20:04:00,0.0,0.0,0.0,2,20
2025-01-01 20:05:00,0.16628546991207865,0.0,0.0,2,20
2025-01-01 20:06:00,0.13794130139575417,0.03771747169253249,0.1082560289713864,2,20
2025-01-01 20:07:00,0.1640543978648548,0.0,0.0,2,20
2025-01-01 20:08:00,0.034231206105258705,0.012642127295678958,0.0,2,20
2025-01-01 20:09:00,0.0,0.0,0.010650457324522732,2,20
2025-01-01 20:10:00,0.14898761716818612,0.0731789887296413,0.0,2,20
2025-01-01 20:11:00,0.0,0.13880932027100967,0.08021739863956759,2,20
2025-01-01 20:12:00,0.0,0.0,0.1300741140730135,2,20
2025-01-01 20:13:00,0.46489154891290235,0.054702801111037445,0.0,2,20
2025-01-01 20:14:00,0.3133328682930216,0.09575314604545225,0.09332400187195483,2,20
2025-01-01 20:15:00,0.2326785365553079,0.11755874206472361,0.061516985227552175,2,20
2025-01-01 20:16:00,0.32512956333257953,0.0,0.08912357218359333,2,20
2025-01-01 20:17:00,0.4222346032219334,0.0,0.0,2,20
2025-01-01 20:18:00,0.3231050537477262,0.02846978800141563,0.06798464352191248,2,20
2025-01-01 20:19:00,0.5291141695261429,0.08330959184641228,0.0,2,20
2025-01-01 20:20:00,0.19176139280286572,0.0,0.0,2,20
2025-01-01 20:21:00,0.29273967845890914,0.1250993788691791,0.051617872975280345,2,20
2025-01-01 20:22:00,0.0,0.05384016924465778,0.0,2,20
2025-01-01 20:23:00,0.0,0.0,0.12694813623352807,2,20
2025-01-01 20:24:00,0.0,0.17863903238866438,0.0,2,20
2025-01-01 20:25:00,0.09259704749887177,0.0,0.0,2,20
2025-01-01 20:26:00,0.0,0.0,0.020746435189650265,2,20
2025-01-01 20:27:00,0.02939514813609148,0.1036289345096718,0.0,2,20
2025-01-01 20:28:00,0.12384154217891144,0.0,0.0,2,20
2025-01-01 20:29:00,0.10590326768672187,0.0,0.0,2,20
2025-01-01 20:30:00,0.0,0.0,0.0,2,20
2025-01-01 20:31:00,0.07181889644289097,0.10149972539380185,0.002685546735037369,2,20
2025-01-01 20:32:00,0.0,0.03648678528615018,0.0,2,20
2025-01-01 20:33:00,0.0,0.0,0.0,2,20
2025-01-01 20:34:00,0.009789840606816376,0.0,0.11783439780160668,2,20
2025-01-01 20:35:00,0.19527489558168795,0.0,0.039515388360058336,2,20
2025-01-01 20:36:00,0.5959143053845887,0.0,0.1882647274890869,2,20
2025-01-01 20:37:00,0.27399127740203016,0.11825416310929474,0.0,2,20
2025-01-01 20:38:00,0.34204457503397984,0.0,0.0,2,20
2025-01-01 20:39:00,0.5857209040698187,0.16476550303938206,0.0,2,20
2025-01-01 20:40:00,0.010455812620711564,0.003466941694860591,0.04452022690943131,2,20
2025-01-01 20:41:00,0.08463317060017511,0.0,0.017293599137144497,2,20
2025-01-01 20:42:00,0.0,0.0,0.25978582108828124,2,20
2025-01-01 20:43:00,0.1003722818899282,0.11980019139234903,0.009683918890613482,2,20
2025-01-01 20:44:00,0.10533844599846924,0.06541934488512836,0.10799407123882622,2,20
2025-01-01 20:45:00,0.04337890628651054,0.0,0.10446924009883979,2,20
2025-01-01 20:46:00,0.0877193317187728,0.0,0.0,2,20
2025-01-01 20:47:00,0.0,0.0,0.1984325046626202,2,20
2025-01-01 20:48:00,0.08494295074357636,0.0768836651590219,0.06886658875931932,2,20
2025-01-01 20:49:00,0.0,0.11380669890013365,0.040140009586109596,2,20
2025-01-01 20:50:00,0.16620649569274776,0.0,0.025675355448593104,2,20
2025-01-01 20:51:00,0.0,0.0,0.03809756841324883,2,20
2025-01-01 20:52:00,0.0,0.19382158447244516,0.0026595609836086885,2,20
2025-01-01 20:53:00,0.16241852371455578,0.07958765740255877,0.0,2,20
2025-01-01 20:54:00,0.03688936167228546,0.0,0.0,2,20
2025-01-01 20:55:00,0.10121899185032764,0.0,0.02938457426293005,2,20
2025-01-01 20:56:00,0.031093301324318964,0.15713547358520097,0.0,2,20
2025-01-01 20:57:00,0.0,0.0,0.10694242582745937,2,20
2025-01-01 20:58:00,0.0,0.0,0.0,2,20
2025-01-01 20:59:00,0.031236509513653258,0.0,0.0,2,20
2025-01-01 21:00:00,0.10536938995540109,0.0,0.19400213132949767,2,21
2025-01-01 21:01:00,0.04294936528960947,0.08842774613893058,0.0,2,21
2025-01-01 21:02:00,0.0,0.032927467307223554,0.06270616304605195,2,21
2025-01-01 21:03:00,0.0018352617745069216,0.08701845071605117,0.0,2,21
2025-01-01 21:04:00,0.09810395960445219,0.0,0.0,2,21
2025-01-01 21:05:00,0.11261098366938703,0.0,0.2673553428092412,2,21
2025-01-01 21:06:00,0.0,0.0,0.07213057135723693,2,21
2025-01-01 21:07:00,0.03869597020371694,0.0,0.07670507816291064,2,21
2025-01-01 21:08:00,0.1096965795509925,0.04695542398375618,0.0,2,21
2025-01-01 21:09:00,0.1933229516519941,0.0,0.02777688666448103,2,21
2025-01-01 21:10:00,0.16002489442520418,0.0,0.0,2,21
2025-01-01 21:11:00,0.0,0.0,0.0,2,21
2025-01-01 21:12:00,0.027166015463353968,0.2535485011682016,0.0,2,21
2025-01-01 21:13:00,0.0,0.09355547012346209,0.01440101365567104,2,21
2025-01-01 21:14:00,0.1839017375255416,0.030210938559021152,0.008183775966813557,2,21
2025-01-01 21:15:00,0.05078803767776907,0.011110102379152803,0.05658974831850584,2,21
2025-01-01 21:16:00,0.11209228791097094,0.0,0.0,2,21
2025-01-01 21:17:00,0.0,0.0,0.0655779549084244,2,21
2025-01-01 21:18:00,0.0,0.0,0.041890347426444076,2,21
2025-01-01 21:19:00,0.06481068147147108,0.0033844990480212714,0.3908462076362451,2,21
2025-01-01 21:20:00,0.15082690915880542,0.07716085378154346,0.27226661441420064,2,21
2025-01-01 21:21:00,0.0,0.0,0.35627215634806925,2,21
2025-01-01 21:22:00,0.13730209948036223,0.0,0.010733701417134478,2,21
2025-01-01 21:23:00,0.05186114865347055,0.05304092737415597,0.0,2,21
2025-01-01 21:24:00,0.0,0.029858810686414185,0.02877891514472377,2,21
2025-01-01 21:25:00,0.09883869307128097,0.10134235028991359,0.07575508857516008,2,21
2025-01-01 21:26:00,0.10526995710756373,0.0,0.0,2,21
2025-01-01 21:27:00,0.0337523261593193,0.08866805647397281,0.0,2,21
2025-01-01 21:28:00,0.0,0.0,0.0,2,21
2025-01-01 21:29:00,0.0,0.0,0.13725189200150142,2,21
2025-01-01 21:30:00,0.07520972884506877,0.0,0.0,2,21
2025-01-01 21:31:00,0.0,0.0038522178976421973,0.0,2,21
2025-01-01 21:32:00,0.17203798480283505,0.09629112328239639,0.0,2,21
2025-01-01 21:33:00,0.0,0.030195332403260933,0.13211147421775896,2,21
2025-01-01 21:34:00,0.0,0.0,0.1774371420556117,2,21
2025-01-01 21:35:00,0.12641787733834253,0.059088084192620544,0.08469541743896915,2,21
2025-01-01 21:36:00,0.10211195208758526,0.0,0.0,2,21
2025-01-01 21:37:00,0.06195541012198771,0.0,0.048255351425873345,2,21
2025-01-01 21:38:00,0.13484848737045507,0.06572339079432307,0.0,2,21
2025-01-01 21:39:00,0.0,0.0,0.023784173627734072,2,21
2025-01-01 21:40:00,0.12763736729794836,0.06152793284289414,0.030776632525467286,2,21
2025-01-01 21:41:00,0.1230874511937244,0.0,0.06745057593897176,2,21
2025-01-01 21:42:00,0.12354573648487759,0.0,0.0,2,21
2025-01-01 21:43:00,0.08083129561625232,0.0,0.0,2,21
2025-01-01 21:44:00,0.0,0.0,0.0,2,21
2025-01-01 21:45:00,0.0,0.0,0.22287920305479564,2,21
2025-01-01 21:46:00,0.43663400147252085,0.0,0.23528899152484864,2,21
2025-01-01 21:47:00,0.15317068603942033,0.0,0.049463650566104654,2,21
2025-01-01 21:48:00,0.4048770566967841,0.0,0.06843659586414656,2,21
2025-01-01 21:49:00,0.18682315984229503,0.0,0.1970433913353796,2,21
2025-01-01 21:50:00,0.3763915621176105,0.04351394545119302,0.4898479850693203,2,21
2025-01-01 21:51:00,0.005707655382351913,0.0,0.2543808515993071,2,21
2025-01-01 21:52:00,0.03184046234194586,0.0,0.33998511963868217,2,21
2025-01-01 21:53:00,0.0,0.006327286110261617,0.3405665289287771,2,21
2025-01-01 21:54:00,0.21456455692743154,0.17792717972797942,0.12533159790674842,2,21
2025-01-01 21:55:00,0.12899589256808855,0.0,0.37383555307545463,2,21
2025-01-01 21:56:00,0.09464514496462197,0.11908947082587425,0.2283130504709305,2,21
2025-01-01 21:57:00,0.0,0.027865578036649356,0.28587929043860005,2,21
2025-01-01 21:58:00,0.0172049049928011,0.21313097580073315,0.45060692828517873,2,21
2025-01-01 21:59:00,0.08086697666458674,0.31734712149061906,0.005734676663489608,2,21
2025-01-01 22:00:00,0.0,0.13386837581493904,0.0006523667622647207,2,22
2025-01-01 22:01:00,0.09072716154076987,0.46244215222584395,0.0,2,22
2025-01-01 22:02:00,0.0,0.2829720226633762,0.058469559998083946,2,22
2025-01-01 22:03:00,0.008830041016093977,0.36583764240336564,0.0,2,22
2025-01-01 22:04:00,0.10449533884003442,0.55657532665307,0.3184419417347242,2,22
2025-01-01 22:05:00,0.042033058771163874,0.1021799810561344,0.10226371267366724,2,22
2025-01-01 22:06:00,0.003232352296121274,0.1279063791150613,0.11080474457682937,2,22
2025-01-01 22:07:00,0.16918058916191006,0.04099534745923917,0.0,2,22
2025-01-01 22:08:00,0.08821742389905854,0.12372566974194392,0.0,2,22
2025-01-01 22:09:00,0.09019106061604043,0.0,0.20862027009250883,2,22
2025-01-01 22:10:00,0.5191207398101442,0.0,0.0,2,22
2025-01-01 22:11:00,0.2638093852359358,0.0,0.0,2,22
2025-01-01 22:12:00,0.14844506595484866,0.0,0.0,2,22
2025-01-01 22:13:00,0.6103362885532397,0.057247300352013315,0.0,2,22
2025-01-01 22:14:00,0.24213024008003708,0.08499832628466372,0.021681961416357386,2,22
2025-01-01 22:15:00,0.4881956369934915,0.0,0.0,2,22
2025-01-01 22:16:00,0.04415957867398828,0.02011703122335134,0.0,2,22
2025-01-01 22:17:00,0.07752586047173116,0.02110825156051237,0.0987338445960908,2,22
2025-01-01 22:18:00,0.08845240518374348,0.006254869542371791,0.0,2,22
2025-01-01 22:19:00,0.0031860860758236714,0.09629518938123055,0.0,2,22
2025-01-01 22:20:00,0.0,0.0,0.02856205445925863,2,22
2025-01-01 22:21:00,0.0,0.0,0.0388584265035306,2,22
2025-01-01 22:22:00,0.0,0.0,0.026285447497262956,2,22
2025-01-01 22:23:00,0.0,0.0,0.0,2,22
2025-01-01 22:24:00,0.0,0.0,0.08254520650500577,2,22
2025-01-01 22:25:00,0.0,0.0,0.04179643543941007,2,22
2025-01-01 22:26:00,0.06888189102637132,0.0,0.17099007378906914,2,22
2025-01-01 22:27:00,0.0,0.0,0.03830450139655001,2,22
2025-01-01 22:28:00,0.038559470394452545,0.0,0.0,2,22
2025-01-01 22:29:00,0.0021627032392105942,0.0,0.0,2,22
2025-01-01 22:30:00,0.06350543519121715,0.03702523992628378,0.0,2,22
2025-01-01 22:31:00,0.08647891059076482,0.0816013287494515,0.0,2,22
2025-01-01 22:32:00,0.31794075923967385,0.06859314957992804,0.0,2,22
2025-01-01 22:33:00,0.5666456153223198,0.048679523780585834,0.0,2,22
2025-01-01 22:34:00,0.6993572109755692,0.0,0.0,2,22
2025-01-01 22:35:00,0.47713206503171507,0.11331790019832824,0.0,2,22
2025-01-01 22:36:00,0.3061936597271043,0.04335452780741247,0.02978805956994154,2,22
2025-01-01 22:37:00,0.35759285588415346,0.0,0.09000196187441464,2,22
2025-01-01 22:38:00,0.5737892194510353,0.15386620956468883,0.0,2,22
2025-01-01 22:39:00,0.0,0.0,0.10413109649481712,2,22
2025-01-01 22:40:00,0.0,0.0878874150116921,0.06486623687798948,2,22
2025-01-01 22:41:00,0.0,0.0,0.02293545162353055,2,22
2025-01-01 22:42:00,0.3903978733003975,0.0,0.014797659504708483,2,22
2025-01-01 22:43:00,0.22752536380700866,0.0,0.07582051395629558,2,22
2025-01-01 22:44:00,0.4136147511559841,0.02964723654305162,0.0,2,22
2025-01-01 22:45:00,0.5305543443433507,0.08823504812361246,0.0,2,22
2025-01-01 22:46:00,0.401077168501094,0.03955428808870524,0.0,2,22
2025-01-01 22:47:00,0.45187400433693836,0.015934991986993437,0.0,2,22
2025-01-01 22:48:00,0.21642858537550416,0.023359599292209147,0.010163607507624302,2,22
2025-01-01 22:49:00,0.42018330261401177,0.0,0.0,2,22
2025-01-01 22:50:00,0.4786917778966899,0.08657401230118794,0.0,2,22
2025-01-01 22:51:00,0.1152143076402508,0.0,0.05796878673429138,2,22
2025-01-01 22:52:00,0.1853827823160428,0.3021884677308383,0.0,2,22
2025-01-01 22:53:00,0.11316154598715804,0.04393695637335761,0.06501405380530224,2,22
2025-01-01 22:54:00,0.06558163352769963,0.10669372614279404,0.07760124315217445,2,22
2025-01-01 22:55:00,0.08527838562219295,0.04980205819860032,0.053828682478177174,2,22
2025-01-01 22:56:00,0.004765096171275379,0.03606842688193966,0.13245755381436786,2,22
2025-01-01 22:57:00,0.0,0.04735604782786514,0.0,2,22
2025-01-01 22:58:00,0.13997342660445183,0.11831653786825187,0.003164193305553927,2,22
2025-01-01 22:59:00,0.2168680973948168,0.022728130796459457,0.0,2,22
2025-01-01 23:00:00,0.12409009999136464,0.0,0.10611729196055177,2,23
2025-01-01 23:01:00,0.4238925466854886,0.0,0.0,2,23
2025-01-01 23:02:00,0.19049624828769646,0.0,0.0,2,23
2025-01-01 23:03:00,0.10352693099749874,0.0,0.006654141708553975,2,23
2025-01-01 23:04:00,0.13302496939695668,0.0,0.0,2,23
2025-01-01 23:05:00,0.0,0.0,0.0,2,23
2025-01-01 23:06:00,0.18973972932216232,0.04400278097844708,0.004972377508677414,2,23
2025-01-01 23:07:00,0.09446898032842334,0.0,0.13052150654694858,2,23
2025-01-01 23:08:00,0.03799152637400375,0.08508341896998632,0.0,2,23
2025-01-01 23:09:00,0.062093006192565754,0.0,0.0,2,23
2025-01-01 23:10:00,0.0,0.0,0.11510783547926048,2,23
2025-01-01 23:11:00,0.10230379395798639,0.0,0.0918816222554337,2,23
2025-01-01 23:12:00,0.0,0.019496698559549972,0.0,2,23
2025-01-01 23:13:00,0.0,0.10455800946368146,0.1331640951473828,2,23
2025-01-01 23:14:00,0.02271423111589449,0.0,0.0,2,23
2025-01-01 23:15:00,0.2189278795503996,0.148764522628696,0.09613252407493324,2,23
2025-01-01 23:16:00,0.05381713061396283,0.009704694141023016,0.0,2,23
2025-01-01 23:17:00,0.0,0.0,0.0,2,23
2025-01-01 23:18:00,0.06247582395335418,0.0,0.0,2,23
2025-01-01 23:19:00,0.08805676870356148,0.08618954618330003,0.10233685388376265,2,23
2025-01-01 23:20:00,0.1509230647223938,0.0,0.0,2,23
2025-01-01 23:21:00,0.027571350432997414,0.02774603882191098,0.0,2,23
2025-01-01 23:22:00,0.0,0.0,0.0,2,23
2025-01-01 23:23:00,0.6606222627902656,0.0,0.06664335979512467,2,23
2025-01-01 23:24:00,0.3580340101343462,0.02032103883667462,0.16350357497345178,2,23
2025-01-01 23:25:00,0.5754989570638472,0.07970157869320027,0.0,2,23
2025-01-01 23:26:00,0.41273149217001637,0.037730772352044493,0.00973992366160664,2,23
2025-01-01 23:27:00,0.5634006430010274,0.04261266221532292,0.0,2,23
2025-01-01 23:28:00,0.5333530990081116,0.21088891950450245,0.04099092180291925,2,23
2025-01-01 23:29:00,0.48635241437594157,0.36417630187661204,0.0,2,23
2025-01-01 23:30:00,0.26328028296110056,0.33974513585735466,0.0,2,23
2025-01-01 23:31:00,0.24435054548068977,0.28424419236919657,0.0,2,23
2025-01-01 23:32:00,0.0,0.14886175277614386,0.0,2,23
2025-01-01 23:33:00,0.16448540311806945,0.0,0.0013800081038403045,2,23
2025-01-01 23:34:00,0.24209935658451096,0.006941901985229082,0.02176771704682036,2,23
2025-01-01 23:35:00,0.12778475646543314,0.0,0.0,2,23
2025-01-01 23:36:00,0.0,0.0,0.09416800069166853,2,23
2025-01-01 23:37:00,0.0,0.10198685329974014,0.0,2,23
2025-01-01 23:38:00,0.0,0.18853019589797917,0.0,2,23
2025-01-01 23:39:00,0.03599052567964384,0.17252422754907304,0.18622424860133494,2,23
2025-01-01 23:40:00,0.0,0.0,0.29481229224416655,2,23
2025-01-01 23:41:00,0.18019529651885957,0.04307781851375041,0.17419004797559678,2,23
2025-01-01 23:42:00,0.0,0.0,0.10083221050325214,2,23
2025-01-01 23:43:00,0.22853803952602933,0.008258608340371594,0.17614870647853562,2,23
2025-01-01 23:44:00,0.021621690011093535,0.008576708492606677,0.5987401841214396,2,23
2025-01-01 23:45:00,0.25540381089211195,0.0,0.4291298940904044,2,23
2025-01-01 23:46:00,0.009766109312991243,0.0,0.33925569030415326,2,23
2025-01-01 23:47:00,0.011675475679071807,0.0,0.0,2,23
2025-01-01 23:48:00,0.1253176254329354,0.0,0.0,2,23
2025-01-01 23:49:00,0.108907520139991,0.045148979810897855,0.2217894260364938,2,23
2025-01-01 23:50:00,0.0,0.08231474615622934,0.04437669166488415,2,23
2025-01-01 23:51:00,0.03838725017609336,0.0,0.0,2,23
2025-01-01 23:52:00,0.0,0.14355087005243286,0.0,2,23
2025-01-01 23:53:00,0.0,0.012601539101703366,0.13711032358994601,2,23
2025-01-01 23:54:00,0.037904780215027925,0.12181329758869035,0.0,2,23
2025-01-01 23:55:00,0.0011843969488882326,0.014270549680484409,0.11147056350530268,2,23
2025-01-01 23:56:00,0.0483012928311482,0.0,0.0,2,23
2025-01-01 23:57:00,0.0,0.1266981312142529,0.0,2,23
2025-01-01 23:58:00,0.0,0.0,0.0,2,23
2025-01-01 23:59:00,0.1295693754370362,0.3462592244160726,0.09546273377225244,2,23
